Plot,N_sensitive,N_oligo,N_For,N_Cyan,spp_rich
823,16,14,7,6,29
826,9,5,1,0,11
827,12,11,7,1,17
829,12,13,7,0,20
831,15,13,10,0,21
834,17,16,9,0,19
835,9,10,5,0,11
837,10,11,4,0,14
840,14,14,7,0,18
842,14,12,7,0,22
844,13,12,8,0,21
849,14,14,5,0,21
851,16,18,10,1,27
853,11,11,6,0,15
855,9,6,2,0,9
856,14,13,8,0,18
858,14,13,8,0,18
860,12,10,5,0,21
862,12,10,4,1,16
864,17,16,9,1,27
866,12,9,6,0,14
870,14,16,8,1,17
872,16,16,10,0,23
874,12,10,5,1,17
876,16,14,8,1,24
877,5,6,3,1,7
881,11,10,6,0,12
882,22,17,4,10,33
884,11,10,6,0,20
886,8,8,4,1,10
887,7,7,4,0,11
891,8,8,5,1,8
893,10,10,6,1,10
895,18,14,6,5,29
896,14,14,7,0,15
898,11,10,4,1,17
902,12,10,7,1,15
904,14,13,6,1,15
905,6,6,4,0,7
907,10,10,7,1,10
908,13,9,4,2,21
910,10,11,5,1,15
912,17,17,9,0,19
914,9,9,6,1,11
915,6,6,3,1,6
916,10,9,6,1,13
917,11,11,6,1,12
919,11,11,6,1,12
921,10,9,5,1,10
923,9,9,6,1,9
925,14,13,9,1,14
927,9,4,3,1,17
929,16,10,7,1,33
930,15,11,6,0,25
932,20,17,8,4,35
933,15,16,9,0,19
934,15,16,10,1,23
936,11,11,7,1,16
937,16,16,9,1,19
938,8,8,6,1,8
939,13,13,10,1,16
940,6,6,4,1,6
942,9,9,5,1,10
943,5,5,4,0,5
946,12,12,8,1,13
947,13,10,5,1,22
948,20,18,10,7,36
950,14,15,9,0,20
951,16,13,9,0,17
953,13,12,5,0,16
954,9,8,5,1,11
955,12,12,8,1,12
956,7,7,4,1,7
957,6,6,4,1,6
959,17,17,8,1,18
961,9,9,6,1,9
963,20,15,8,6,31
965,12,11,6,0,21
967,10,10,6,1,11
969,6,6,4,1,6
970,14,15,9,1,18
971,6,6,4,1,6
972,6,6,4,1,6
973,10,11,6,1,12
975,7,7,4,2,18
977,13,10,7,1,26
979,12,11,5,0,16
981,11,9,4,0,13
983,9,9,5,1,9
984,5,5,3,1,5
985,16,14,8,1,26
986,19,14,8,5,30
987,7,9,9,0,13
990,10,9,3,0,11
991,5,5,3,1,6
993,8,8,5,1,8
994,7,7,5,1,7
996,19,15,9,7,31
997,15,14,8,5,28
998,11,9,2,7,22
999,6,6,4,1,6
1001,8,8,5,1,9
1002,15,15,10,1,20
1003,7,8,6,0,8
1005,15,14,7,4,23
1007,14,11,7,4,23
1008,16,13,7,6,27
1011,17,15,2,13,29
1013,16,15,3,8,23
1014,9,9,7,1,9
1016,10,10,7,1,10
1017,9,9,5,1,10
1019,8,8,5,1,8
1020,12,10,7,1,12
1021,19,16,9,4,27
1024,20,15,5,4,26
1025,17,12,5,2,23
1027,10,7,1,0,13
1028,17,15,6,2,27
1030,14,11,8,0,23
1032,15,15,7,1,19
1033,7,6,4,0,8
1035,9,9,6,1,10
1037,9,9,6,1,9
1039,12,12,9,1,12
1040,10,10,6,1,11
1041,9,9,7,1,9
1042,21,16,9,5,31
1044,7,6,5,1,16
1048,11,8,4,0,14
1049,16,15,7,4,22
1051,12,11,5,0,18
1053,14,13,7,2,20
1054,13,10,6,0,18
1055,20,17,7,1,28
1057,14,12,6,0,18
1059,16,16,9,0,18
1060,10,10,7,1,10
1061,14,15,10,0,16
1062,8,8,6,1,8
1063,11,11,7,1,12
1065,14,10,4,5,26
1066,23,17,9,7,32
1067,17,14,9,0,23
1068,11,9,6,0,16
1069,10,12,7,0,21
1070,16,14,7,1,21
1072,15,15,3,8,22
1073,15,14,7,0,23
1074,11,12,7,0,13
1076,10,10,3,1,19
1078,11,10,5,0,16
1079,6,6,4,0,6
1081,13,11,7,0,14
1083,12,13,7,1,21
1085,9,9,6,1,11
1087,10,10,6,1,10
1088,20,17,9,5,32
1090,7,4,4,0,15
1091,14,13,7,1,27
1093,11,9,4,0,19
1094,16,14,4,5,24
1097,15,16,4,6,25
1098,16,14,5,1,22
1100,12,12,6,1,19
1101,12,11,5,0,14
1102,10,10,7,0,11
1104,12,12,6,0,13
1105,14,15,7,1,16
1107,13,14,9,1,14
1108,6,6,3,1,6
1109,10,10,7,1,10
1110,9,11,7,1,12
1112,16,16,9,1,23
1114,16,12,5,5,23
1116,9,7,3,6,16
1119,11,7,5,5,18
1120,17,18,5,8,27
1121,18,15,6,5,25
1123,21,19,7,4,28
1124,6,4,2,0,9
1126,14,11,5,0,19
1127,15,15,9,1,26
1128,15,17,10,0,19
1129,17,18,10,0,22
1131,14,14,7,1,15
1132,14,16,9,1,18
1133,6,6,4,1,6
1134,8,8,6,1,8
1136,8,8,6,1,8
1137,17,15,3,7,22
1139,11,10,5,1,19
1140,11,10,4,1,16
1142,15,13,7,0,22
1143,19,17,10,1,25
1144,12,9,4,0,17
1145,13,14,7,1,15
1146,15,14,7,0,20
1148,9,10,5,0,11
1150,16,16,8,0,19
1151,13,13,8,1,13
1154,8,8,6,1,10
1155,8,7,4,0,8
1156,5,5,4,0,5
1157,16,16,10,1,19
1159,22,15,5,6,32
1161,16,16,4,10,30
1162,17,17,8,6,30
1163,18,16,7,4,25
1164,18,16,10,0,27
1166,14,16,8,0,20
1167,14,13,6,0,19
1169,10,12,7,0,14
1170,12,10,6,0,13
1171,14,15,9,0,15
1172,13,14,6,1,20
1174,13,14,9,1,14
1175,8,9,6,1,9
1177,12,12,7,1,14
1180,6,7,5,1,7
1182,8,9,5,1,15
1184,4,3,2,0,5
1186,16,13,3,5,23
1187,17,15,6,7,26
1190,16,12,5,0,26
1192,24,15,8,8,39
1194,19,18,9,6,32
1195,14,15,9,0,20
1197,11,12,7,0,14
1198,11,12,6,0,15
1199,10,11,5,0,15
1201,10,11,5,0,12
1203,9,9,6,1,12
1205,8,8,5,0,11
1208,6,6,3,0,9
1209,22,19,7,12,36
1210,14,7,8,0,25
1212,16,14,9,1,28
1214,20,18,9,4,26
1216,22,17,10,7,36
1217,20,19,6,7,27
1218,17,15,8,1,23
1220,15,12,10,1,24
1222,13,13,7,0,17
1224,12,13,5,0,18
1226,8,8,6,1,9
1228,9,9,7,1,10
1229,11,12,7,1,15
1231,6,6,4,1,6
1233,5,5,3,1,6
1234,13,13,7,1,20
1235,6,4,3,0,13
1236,15,10,7,2,25
1237,16,12,6,1,22
1239,15,10,7,0,18
1240,21,17,10,4,30
1241,21,17,8,6,28
1242,18,14,9,0,26
1244,12,12,7,0,19
1245,11,13,7,0,15
1246,13,13,8,0,13
1248,11,11,7,1,12
1250,13,12,6,1,17
1251,17,18,12,1,24
1252,19,19,11,0,24
1253,9,10,8,1,12
1254,6,7,5,1,8
1256,13,13,9,1,14
1258,7,6,3,0,8
1259,7,7,5,0,15
1260,13,13,10,2,28
1261,15,9,6,3,23
1262,18,14,9,0,28
1264,16,13,11,4,37
1266,22,19,9,11,39
1268,16,12,8,0,24
1269,12,6,7,0,17
1271,12,13,7,0,23
1273,9,11,4,0,16
1275,15,16,6,0,24
1276,15,16,9,0,19
1278,6,6,4,1,6
1279,19,19,10,1,24
1280,15,14,11,1,21
1282,6,6,4,1,6
1283,8,8,6,1,8
1284,8,8,6,1,8
1286,8,8,6,1,8
1288,12,12,9,1,19
1290,4,5,4,0,6
1292,4,3,2,0,6
1293,13,11,8,0,17
1296,13,17,9,5,27
1298,6,6,1,0,15
1299,16,13,5,3,24
1300,16,12,7,0,24
1303,22,18,9,5,37
1305,17,14,9,1,26
1307,19,16,8,5,34
1309,8,6,3,0,11
1310,9,11,5,0,15
1312,7,10,5,0,12
1313,12,13,6,0,13
1315,15,13,7,1,17
1317,18,14,9,1,24
1319,6,6,4,0,6
1321,7,7,5,1,8
1323,8,8,6,1,9
1325,5,5,4,0,5
1326,5,5,4,0,7
1328,8,8,5,1,8
1329,11,11,8,1,12
1331,8,10,5,0,14
1333,4,4,3,0,6
1334,6,3,4,1,13
1335,12,3,7,0,20
1337,12,9,5,1,17
1339,8,6,3,0,17
1340,13,9,9,0,24
1341,18,17,8,6,26
1343,17,12,10,1,26
1344,18,18,7,10,31
1345,21,18,6,12,36
1347,15,15,8,0,23
1348,11,13,8,0,19
1350,10,11,6,0,17
1351,12,12,7,0,13
1352,8,9,5,1,10
1354,10,10,8,1,10
1356,11,11,7,1,12
1358,10,10,8,1,10
1359,5,5,3,1,7
1361,8,8,6,0,8
1362,13,14,10,0,15
1363,5,5,4,0,6
1364,13,13,7,1,13
1365,10,10,6,1,10
1367,9,10,8,0,18
1368,16,10,10,4,30
1371,3,1,3,0,5
1373,19,11,11,7,35
1375,17,14,4,10,28
1376,17,11,12,2,32
1377,19,15,8,4,27
1379,12,10,7,0,22
1380,20,15,4,5,24
1381,10,8,4,0,12
1383,10,11,6,0,15
1384,16,17,8,0,25
1385,13,14,9,0,17
1387,6,6,4,1,6
1389,16,14,10,1,22
1391,8,8,6,1,10
1393,6,6,4,1,6
1395,13,13,7,1,14
1396,15,15,10,1,22
1397,13,14,8,1,18
1401,5,5,3,1,5
1402,6,7,5,0,8
1403,6,8,6,0,12
1404,11,11,6,0,17
1405,8,4,5,0,16
1406,12,7,4,1,19
1407,16,13,6,2,22
1408,17,9,10,1,28
1409,19,11,11,3,27
1411,20,16,13,2,35
1414,12,8,4,3,18
1415,13,15,6,3,23
1416,9,9,7,0,12
1418,11,13,6,0,17
1419,14,14,6,1,20
1421,14,15,10,1,17
1422,21,20,12,1,31
1424,6,6,4,1,6
1426,13,14,8,1,16
1427,19,20,12,1,26
1428,12,13,9,0,13
1429,10,11,7,0,14
1432,7,7,5,1,7
1435,6,6,5,0,15
1436,3,1,3,1,10
1437,17,10,5,9,24
1439,21,14,13,2,33
1441,15,9,9,2,23
1442,19,16,8,5,32
1443,13,9,6,1,20
1444,19,20,8,5,35
1445,17,16,10,0,25
1447,16,16,8,0,27
1448,21,20,9,1,32
1449,11,13,6,0,21
1451,10,10,5,0,13
1452,13,16,9,0,20
1453,16,15,9,1,22
1454,9,9,6,1,9
1456,17,16,8,1,24
1457,16,16,8,1,22
1459,5,5,3,1,6
1460,5,6,4,1,7
1461,12,11,8,1,13
1464,12,13,6,1,13
1465,11,12,8,0,21
1467,12,11,6,0,21
1469,11,9,6,0,16
1470,4,7,5,4,11
1471,10,8,6,4,19
1472,8,4,5,2,15
1473,12,8,10,3,27
1474,14,6,8,0,22
1476,22,15,10,8,38
1478,17,14,10,1,30
1479,19,17,4,14,34
1480,12,9,3,6,22
1482,19,16,5,7,25
1484,22,15,10,8,36
1485,18,12,6,6,25
1486,17,16,4,10,29
1487,8,7,3,0,14
1488,15,14,9,0,21
1489,12,13,7,0,16
1490,13,15,7,1,19
1491,15,15,7,1,18
1493,17,17,9,1,21
1494,7,7,5,1,8
1496,10,10,7,1,11
1498,9,9,6,1,9
1499,12,14,8,1,16
1500,15,17,12,1,25
1503,9,9,6,1,11
1505,6,8,3,0,15
1506,5,2,3,0,8
1507,16,10,9,1,28
1508,13,9,7,0,20
1510,13,8,7,0,25
1511,11,5,3,3,18
1512,12,11,6,1,23
1513,11,5,5,0,18
1514,10,10,5,4,17
1516,19,16,8,0,26
1518,17,16,8,3,25
1519,18,16,12,0,30
1520,10,12,8,1,17
1522,10,15,6,0,21
1523,12,14,7,0,16
1524,18,16,8,1,23
1525,13,14,8,0,15
1527,9,9,7,1,9
1528,9,9,5,1,14
1529,6,6,4,1,6
1532,6,4,5,0,13
1533,3,1,4,0,10
1534,7,3,7,1,12
1535,10,5,6,3,19
1536,20,12,11,5,30
1538,14,13,9,4,26
1540,13,8,4,3,20
1542,21,18,8,8,37
1543,12,7,3,2,17
1545,17,17,9,2,29
1547,13,15,6,0,26
1548,24,19,10,6,33
1551,14,12,6,0,24
1553,9,10,4,0,15
1555,8,11,5,0,16
1556,13,16,7,0,18
1557,7,7,3,0,7
1559,15,14,9,0,16
1561,8,8,6,1,8
1562,13,13,8,1,24
1563,9,2,5,0,15
1565,9,6,5,4,16
1566,8,4,4,1,13
1567,16,10,7,1,23
1569,19,13,8,3,27
1571,11,8,5,1,21
1572,15,11,5,4,21
1574,13,9,8,1,23
1576,15,11,7,0,22
1578,19,17,9,0,30
1579,12,15,8,0,21
1581,12,13,6,0,19
1582,7,7,4,0,12
1586,7,10,4,0,12
1587,12,13,7,0,17
1589,13,11,6,1,14
1591,8,8,5,1,8
1592,10,4,3,1,16
1594,9,6,7,0,25
1595,5,0,1,0,7
1597,7,4,4,1,11
1599,16,15,6,9,28
1601,22,19,9,8,38
1603,10,11,6,0,17
1604,17,12,6,3,25
1605,19,15,5,7,29
1606,13,14,9,0,15
1607,17,17,11,0,21
1608,4,0,3,0,7
1610,13,7,6,1,26
1612,6,2,2,1,8
1614,6,2,3,1,7
1616,7,4,3,0,9
1617,15,10,6,2,22
1619,14,12,7,0,22
1620,15,9,4,0,22
1621,22,18,5,10,30
1623,13,15,8,0,25
1625,6,8,3,0,11
1627,14,14,7,0,16
1628,7,7,5,0,8
1630,8,7,4,0,9
1632,10,9,7,1,13
1634,16,11,2,7,30
1636,4,2,1,0,8
1637,9,2,5,1,16
1640,9,4,6,1,12
1641,10,7,2,8,15
1642,14,7,6,2,22
1645,18,13,8,7,35
1647,18,11,7,5,26
1648,13,10,5,1,17
1650,26,20,14,11,46
1652,11,12,6,0,18
1655,9,10,6,0,12
1657,18,19,12,1,28
1661,9,4,5,0,18
1664,8,4,6,2,16
1666,14,11,4,9,23
1668,20,19,10,1,34
1669,16,14,5,7,24
1671,13,10,5,1,21
1672,17,12,3,5,22
1673,9,6,3,0,11
1675,9,12,6,0,19
1676,8,7,4,0,10
1677,19,17,10,0,26
1679,15,11,8,1,19
1681,14,11,4,2,25
1683,11,13,7,1,25
1685,10,5,3,1,17
1686,1,2,2,1,7
1689,15,10,4,9,25
1691,20,17,9,2,33
1692,11,11,5,0,17
1693,15,9,7,4,24
1694,12,12,5,0,23
1697,11,12,5,0,18
1699,13,14,8,0,18
1700,8,4,6,0,20
1702,16,11,3,8,26
1703,11,5,5,4,26
1704,4,2,2,4,8
1705,22,23,13,1,41
1706,13,10,7,0,22
1708,27,21,10,6,35
1710,11,11,5,0,18
1712,15,14,8,0,24
1713,10,11,7,0,12
1715,3,0,1,0,5
1716,9,8,2,7,13
1718,15,16,8,1,32
1719,14,12,6,0,24
1721,17,13,6,4,27
1723,11,7,5,0,19
1725,20,21,8,6,35
1727,15,13,5,0,24
1729,10,8,3,0,16
1730,15,17,9,0,24
1732,5,4,3,0,6
1734,9,10,6,0,17
1735,7,7,6,0,8
1737,10,4,2,4,13
1739,9,3,5,0,16
1741,19,11,9,8,28
1743,15,13,6,0,25
1745,14,11,8,4,28
1747,15,12,6,1,22
1749,3,4,1,0,5
1752,13,13,10,0,21
1756,11,6,4,3,18
1757,16,13,6,6,28
1758,6,2,2,1,9
1759,16,14,6,1,26
1760,13,13,9,0,25
1762,15,8,6,2,23
1764,14,14,4,8,27
1765,10,12,6,0,20
1767,12,13,8,0,18
1769,22,18,10,1,29
1771,13,14,10,1,22
1772,12,4,4,3,21
1773,12,6,5,4,20
1775,12,8,7,5,23
1776,7,5,4,2,18
1777,13,6,8,1,19
1778,19,21,8,9,35
1780,14,14,6,2,27
1781,21,24,5,12,38
1783,5,10,5,0,16
1785,9,10,4,0,14
1787,16,13,7,1,21
1788,8,7,6,1,16
1790,14,15,10,1,17
1791,14,12,7,0,14
1792,16,15,10,0,23
1793,17,16,8,0,23
1795,12,10,6,1,22
1796,14,8,5,2,22
1797,13,12,7,2,22
1799,15,14,4,4,26
1800,13,15,7,0,25
1801,23,22,9,8,34
1803,10,12,7,0,21
1804,18,17,7,6,32
1807,13,12,6,1,15
1809,12,9,5,1,15
1810,13,12,7,1,21
1811,14,9,7,5,23
1812,16,19,4,9,33
1813,14,12,11,0,24
1815,14,12,4,8,21
1817,13,12,5,0,22
1818,8,9,5,1,13
1819,15,12,7,0,18
1821,24,24,13,7,42
1823,9,10,5,1,11
1824,13,13,3,9,26
1826,13,11,5,0,20
1828,16,11,2,8,25
1830,13,15,7,6,24
1832,16,16,9,0,28
1834,10,8,6,0,18
1835,6,7,4,0,12
1836,12,7,4,1,21
1838,14,14,7,1,27
1839,19,12,5,7,31
1840,16,13,8,0,27
1842,26,21,8,8,41
1844,11,8,5,0,17
1846,12,14,6,0,23
1848,12,10,6,1,22
1849,17,19,4,13,32
1850,14,10,9,0,24
1852,17,15,5,2,25
1853,13,13,3,3,22
1854,8,6,2,5,13
1856,14,14,8,2,24
1858,10,9,3,0,19
1859,12,10,4,0,19
1860,13,10,6,0,18
1861,14,15,7,7,25
1863,11,11,5,0,17
1865,17,15,5,6,27
1866,11,13,5,0,20
1867,13,13,7,0,17
1868,9,3,5,1,16
1869,11,6,7,1,20
1871,13,12,7,1,23
1872,12,8,6,1,17
1876,10,8,6,0,18
1878,14,12,10,0,22
1879,13,15,7,0,20
1881,9,9,4,0,13
1882,11,9,4,6,19
1883,5,3,3,1,10
1884,13,9,5,1,22
1885,11,7,7,2,22
1887,18,16,5,11,31
1889,13,9,5,2,20
1891,16,15,9,0,26
1893,20,19,5,10,30
1895,10,8,2,0,17
1896,13,13,7,0,19
1898,14,12,6,0,23
1900,20,18,7,9,37
1901,16,12,4,7,26
1902,3,3,3,0,6
1905,10,11,6,0,19
1906,15,13,8,0,19
1907,11,10,9,1,24
1908,18,18,7,7,31
1910,10,9,4,0,17
1912,24,23,10,9,40
1914,13,14,6,1,27
1915,13,13,6,0,18
1916,6,2,4,0,11
1918,11,8,5,1,24
1919,9,6,4,0,16
1921,12,10,6,0,23
1923,26,17,10,14,44
1924,12,12,5,0,22
1925,11,14,3,7,25
1927,11,11,6,0,21
1929,12,10,4,1,19
1930,12,3,8,0,24
1931,9,8,5,1,18
1933,10,8,3,1,19
1934,13,14,4,5,26
1936,12,10,5,0,23
1937,9,9,6,0,14
1939,9,9,6,0,16
1941,10,10,6,0,20
1943,12,11,8,0,19
1945,15,12,9,1,24
1946,9,9,5,0,16
1947,5,4,3,0,5
1948,6,5,6,0,17
1949,14,8,6,2,24
1950,14,9,8,2,27
1951,12,3,6,2,18
1952,14,7,5,3,20
1954,12,10,6,0,21
1955,14,10,4,0,24
1956,8,10,5,0,18
1958,7,5,2,0,11
1960,9,9,4,0,15
1961,11,9,5,0,16
1963,10,9,6,1,14
1965,17,15,9,0,29
1967,13,14,11,0,24
1969,17,17,7,1,27
1970,11,11,7,2,19
1971,5,6,5,0,7
1972,4,5,6,0,13
1973,11,6,6,0,24
1974,7,3,5,0,15
1976,13,5,8,1,24
1978,13,7,7,0,24
1980,15,13,4,2,29
1981,14,13,5,0,24
1983,12,9,6,0,25
1984,5,6,7,0,14
1986,11,7,3,0,19
1987,8,10,5,0,13
1988,8,11,6,0,14
1989,17,17,8,0,24
1993,11,9,6,2,18
1994,5,5,3,0,6
1995,10,9,6,0,12
1996,5,5,3,0,5
1997,7,6,5,0,8
1999,8,7,3,0,14
2001,7,5,3,0,7
2002,9,5,3,4,17
2003,8,6,7,0,18
2005,8,1,5,0,19
2007,11,11,6,0,23
2009,21,12,5,10,32
2011,14,8,6,3,27
2013,20,20,8,9,36
2015,16,17,7,2,30
2017,11,10,5,0,19
2019,10,9,4,0,18
2021,9,11,6,0,16
2022,20,20,9,1,30
2023,19,18,11,1,28
2025,14,14,8,0,22
2027,14,14,7,0,23
2028,6,6,4,0,7
2029,5,4,3,0,5
2031,9,8,7,0,11
2032,11,9,5,0,22
2034,10,11,4,0,21
2036,11,10,3,0,21
2038,10,13,8,0,15
2041,17,15,10,0,27
2043,11,15,7,0,18
2045,11,9,5,0,13
2047,13,12,7,0,14
2049,16,17,8,1,27
2050,8,6,4,0,9
2051,10,8,8,0,13
2052,6,5,5,0,7
2054,7,1,4,0,15
2055,8,4,3,0,14
2056,13,7,7,0,25
2057,12,8,5,2,19
2058,9,6,3,1,15
2060,12,11,5,1,23
2064,11,15,8,0,17
2065,17,16,11,0,26
2067,19,19,10,1,31
2069,18,18,10,1,28
2071,19,16,11,0,26
2072,13,11,8,0,15
2073,12,12,8,1,15
2075,15,17,10,0,27
2077,11,8,7,1,27
2079,8,8,3,0,18
2081,8,6,3,0,8
2083,8,2,4,0,17
2084,12,8,4,3,20
2085,12,8,3,1,19
2086,12,9,6,1,18
2087,13,9,6,2,23
2088,12,9,6,0,21
2090,14,12,9,0,24
2091,21,17,12,2,35
2092,20,20,12,1,33
2095,18,16,8,1,26
2096,16,19,9,3,31
2097,8,7,5,0,10
2098,7,8,7,0,9
2101,7,5,3,0,17
2103,8,6,3,1,16
2105,7,0,4,0,13
2106,10,7,5,1,16
2108,8,1,4,0,14
2109,12,10,6,1,19
2110,13,10,5,1,21
2114,17,15,9,0,27
2116,17,17,11,0,30
2118,18,16,8,1,27
2119,9,8,5,0,10
2121,16,16,10,0,23
2122,20,19,11,0,32
2124,9,5,3,0,18
2126,11,10,6,1,20
2127,10,12,6,0,21
2128,7,7,2,0,14
2130,9,6,5,0,20
2132,15,15,9,0,24
2133,9,7,5,0,11
2134,12,7,6,0,18
2135,12,10,4,0,23
2136,8,7,4,0,14
2137,17,10,7,0,27
2139,16,14,6,0,22
2141,11,9,5,0,21
2142,13,12,5,0,24
2144,9,8,8,0,22
2145,9,8,7,2,25
2147,9,4,4,0,18
2148,13,5,9,0,23
2149,4,3,1,0,10
2152,13,9,6,0,20
2154,13,7,8,0,22
2156,25,17,11,10,44
2158,19,13,7,12,41
2159,20,14,14,5,41
2161,13,8,7,0,22
2162,7,4,2,0,13
2163,12,6,5,0,21
2165,12,10,8,0,23
2167,14,7,6,2,29
2169,13,6,8,0,21
2170,24,20,14,3,39
2171,21,18,10,5,36
2173,16,14,5,0,26
2175,15,11,6,2,26
2176,20,14,12,2,35
2177,16,11,10,0,26
2178,21,17,10,6,36
2179,14,11,9,0,26
2181,14,14,6,0,23
2183,14,10,4,2,25
2185,17,12,5,0,23
2186,10,10,2,0,16
2188,18,17,10,0,31
2189,11,6,4,1,18
2190,14,6,7,1,27
2192,15,12,3,3,25
2193,18,14,11,0,27
2194,15,15,6,0,27
2196,8,6,2,0,13
2198,14,11,3,0,18
2199,9,9,4,0,16
2200,8,8,5,0,16
2201,12,12,6,1,27
2203,9,9,3,0,18
2205,7,5,3,0,16
2207,12,12,5,2,21
2208,7,6,2,0,14
2209,11,11,6,0,21
2212,12,9,4,0,17
2213,15,12,7,0,21
2214,22,20,5,12,39
2217,14,8,4,0,23
2218,9,11,6,0,20
2219,11,9,3,0,19
2220,10,10,4,0,14
2222,6,6,2,0,10
2223,18,16,9,7,34
2225,10,11,2,4,19
2227,19,17,5,6,30
2229,11,16,7,3,27
2231,10,11,6,0,16
2232,14,9,5,0,21
2234,12,10,6,0,17
2235,16,17,11,0,27
2236,19,18,7,1,31
2237,15,14,10,0,25
2239,11,7,6,0,19
2241,10,12,5,1,21
2243,7,10,3,0,16
2245,8,11,6,0,20
2246,12,9,7,0,24
2247,19,19,7,8,35
2248,14,9,5,1,26
2250,13,11,6,0,22
2251,15,15,7,0,27
2253,7,9,4,0,18
2255,18,14,9,0,28
2257,13,12,6,0,18
2259,15,14,8,0,17
2260,16,17,8,1,29
2261,10,11,5,0,20
2263,3,4,4,0,11
2265,14,13,3,7,27
2267,9,8,4,0,16
2269,9,8,4,0,16
2271,12,10,5,2,19
2272,17,14,7,0,25
2274,10,12,5,0,19
2276,14,13,8,0,17
2279,14,13,8,0,20
2282,10,8,5,0,15
2283,7,8,4,0,15
2284,14,12,6,0,23
2285,4,2,2,0,6
2287,8,8,5,0,16
2288,12,14,7,0,21
2289,11,9,4,0,18
2291,8,9,4,0,12
2294,10,15,5,7,24
2296,10,12,5,0,23
2297,14,11,6,0,23
2298,9,10,4,0,14
2299,13,13,8,1,26
2301,13,10,4,0,19
2302,13,12,4,1,22
2303,21,21,9,9,35
2304,10,9,4,0,14
2305,15,13,8,1,27
2306,9,13,6,1,20
2307,15,12,8,0,26
2308,12,11,4,0,19
2310,12,17,6,4,26
2311,12,13,6,0,25
2312,17,17,6,6,28
2313,16,9,10,2,27
2315,21,13,8,5,32
2316,11,10,6,2,22
2317,12,15,4,9,27
2318,10,9,3,0,16
2319,10,12,6,2,18
2321,8,10,3,0,16
2322,11,10,8,1,24
2324,15,12,5,9,27
2325,7,6,3,0,14
2327,6,6,4,0,10
2328,6,4,3,0,8
2329,13,13,7,0,20
2330,12,13,7,0,21
2331,9,7,4,0,13
2333,11,10,5,0,21
2334,13,7,5,2,21
2336,12,8,5,0,16
2337,11,9,4,0,14
2339,10,12,6,0,21
2340,11,11,8,0,20
2341,15,13,7,1,25
2342,7,7,6,0,13
2344,11,11,5,0,18
2345,11,7,3,2,19
2346,7,4,3,0,13
2347,8,9,5,0,15
2349,16,16,7,1,25
2350,10,9,4,0,19
2352,23,19,13,1,37
2354,9,10,5,0,16
2355,14,13,5,2,24
2356,11,11,4,0,16
2357,9,8,4,0,18
2358,11,13,7,2,21
2359,14,12,5,0,20
2360,14,12,6,0,22
2361,12,12,5,0,18
2362,16,10,8,2,26
2364,12,8,6,0,17
2365,4,6,2,0,8
2366,10,13,5,0,16
2367,11,8,4,2,21
2368,13,12,9,1,26
2370,13,14,8,1,24
2372,10,9,3,0,15
2373,12,10,5,0,19
2374,7,7,2,0,13
2375,8,9,4,0,16
2376,11,12,8,0,15
2378,20,22,10,1,31
2382,10,11,5,0,17
2385,8,10,3,0,15
2387,7,9,4,1,18
2394,14,15,8,0,17
2395,14,14,8,1,16
2400,8,10,5,1,19
2402,13,12,5,0,19
2403,9,10,2,2,19
2409,14,14,5,2,21
2410,8,8,5,0,9
2412,8,11,5,0,15
2413,9,10,6,0,10
2414,16,15,8,0,26
2416,11,15,2,8,24
2418,15,18,10,0,23
2422,14,14,7,0,21
2426,12,13,8,0,14
2432,11,11,5,0,15
2434,6,7,3,0,9
2435,15,18,7,1,25
2438,17,18,10,0,23
2439,7,7,4,0,7
2440,20,22,11,1,36
2441,12,11,5,0,20
2446,12,14,7,1,23
2447,10,11,5,1,19
2449,14,14,6,1,18
2450,7,5,3,0,12
2452,6,7,3,0,10
2453,9,8,4,0,14
2454,10,9,4,1,19
2455,15,9,6,0,24
2456,7,6,2,0,12
2458,7,8,4,0,15
2459,10,11,3,2,22
2461,7,5,3,0,11
2462,11,8,8,0,23
2463,11,10,6,1,24
2464,7,6,3,0,12
2467,9,7,5,0,10
2468,6,6,3,1,6
2471,7,7,4,0,9
2472,8,8,5,0,16
2473,6,6,3,0,7
2474,11,8,7,1,15
2475,7,8,4,0,9
2476,13,10,7,1,19
2477,9,8,7,0,11
2479,7,7,4,0,7
2480,3,3,2,0,6
2482,4,3,2,0,5
2483,13,11,8,1,23
2484,18,14,7,5,33
2485,13,10,7,1,26
2486,15,14,8,1,20
2487,14,13,9,0,19
2488,13,13,6,1,15
2489,14,14,8,1,22
2490,12,13,7,0,15
2491,8,10,6,0,14
2492,8,10,7,0,12
2493,9,9,4,1,13
2494,15,15,8,1,24
2495,12,12,6,1,23
2496,5,5,3,0,5
2497,11,11,6,0,13
2498,5,6,5,0,6
2499,8,8,5,0,9
2504,11,10,6,0,19
2506,9,8,5,1,10
2508,10,10,5,0,11
2510,15,15,9,0,26
2511,12,13,8,1,17
2515,12,9,6,1,17
2516,18,8,6,0,26
2517,16,14,8,1,27
2519,9,11,8,1,11
2522,10,9,6,5,22
2524,16,17,2,11,29
2525,10,8,5,0,11
2527,22,18,8,6,36
2530,18,16,5,5,26
2534,19,16,7,11,32
2536,16,15,7,1,27
2538,20,17,10,5,32
2540,17,16,10,0,22
2541,12,9,3,1,15
2543,13,13,9,1,13
2544,19,17,10,8,31
2546,19,19,7,7,31
2549,23,24,12,8,38
2552,12,8,2,1,17
2556,10,10,7,1,11
2557,15,17,7,5,23
2558,8,8,6,1,8
2561,14,14,8,0,20
2563,7,7,4,1,7
2564,14,16,8,1,18
2567,19,14,9,1,25
2568,8,8,4,1,10
2570,10,11,10,0,11
2572,11,9,5,1,14
2573,6,8,6,0,9
2580,23,18,10,9,39
2588,7,7,5,0,10
2591,10,11,9,1,11
2593,10,10,7,1,10
2596,11,13,6,0,19
2599,16,14,7,0,27
2601,14,14,9,1,16
2604,18,13,6,6,27
2607,9,5,8,0,16
2609,14,15,7,0,27
2611,6,2,3,1,13
2612,14,17,10,0,20
2615,23,16,8,11,35
2623,9,7,4,1,14
2627,20,17,10,1,29
2628,18,13,11,2,29
2630,13,14,6,0,22
2632,13,7,5,0,24
2634,15,15,4,7,25
2635,11,12,6,0,14
2640,16,14,5,11,32
2649,28,25,14,13,49
2654,12,5,5,6,21
2655,15,13,8,0,21
2656,9,7,3,0,11
2657,18,16,8,1,27
2661,8,6,5,0,8
2662,15,12,5,9,26
2667,15,5,7,2,30
2669,13,10,4,0,20
2672,17,15,8,6,30
2674,11,11,6,0,18
2675,13,11,9,1,24
2678,15,12,7,1,26
2679,16,18,6,8,29
2682,12,8,5,1,22
2684,15,14,8,0,29
2688,17,13,7,0,24
2690,17,19,5,5,33
2693,6,3,5,0,15
2694,12,14,6,6,29
2697,19,14,9,9,33
2701,13,9,6,2,25
2708,14,14,8,0,18
2710,20,18,11,1,25
2713,9,8,6,0,10
2715,16,11,9,0,24
2717,8,8,4,1,14
2720,21,15,8,5,30
2723,15,9,8,0,23
2727,15,15,10,1,29
2742,14,14,8,0,21
2743,11,13,8,1,22
2746,15,13,7,0,28
2748,13,16,3,3,25
2749,12,10,5,0,18
2752,14,12,5,0,20
2753,15,13,8,0,17
2754,20,18,8,5,33
2756,15,11,8,0,26
2759,13,12,4,0,22
2762,5,8,5,0,12
2764,12,15,6,1,23
2765,7,9,6,0,17
2766,12,9,2,1,19
2768,10,10,5,0,11
2770,6,9,3,0,15
2776,6,7,3,0,15
2778,12,16,6,1,28
2780,8,9,4,0,14
2782,12,13,5,0,17
2784,16,15,11,1,27
2790,9,9,6,0,9
2791,14,14,7,1,22
2792,7,7,4,0,12
2802,15,14,8,0,16
2803,6,6,5,5,24
2810,4,4,4,5,25
2813,7,9,3,0,14
2814,17,9,8,3,26
2820,12,4,7,2,20
2827,17,12,8,8,31
2834,8,5,5,6,16
2841,21,10,9,9,32
2848,16,5,10,3,28
2855,25,17,7,14,44
2856,12,11,4,0,24
2859,1,0,3,0,11
2860,0,0,2,0,8
2865,12,7,5,4,30
2867,6,5,4,3,21
2869,5,1,2,3,20
2871,10,3,3,5,28
2875,14,6,5,10,33
2880,11,2,4,11,27
2883,17,9,3,12,37
2886,10,4,2,7,30
2889,2,0,2,0,10
2892,9,2,4,4,22
2895,12,3,3,2,24
2898,11,7,2,6,20
2901,2,0,1,0,9
2905,4,1,1,0,12
2915,7,1,2,4,22
2918,6,1,3,0,20
2922,7,2,2,6,27
2925,9,1,3,2,25
2928,13,4,4,5,25
2931,10,1,3,5,26
2933,9,2,4,4,22
2935,14,2,5,7,28
2956,3,0,1,3,15
2958,7,5,2,3,23
2960,2,0,1,0,13
2962,13,3,3,3,28
2966,11,4,9,4,24
2969,9,0,4,2,22
2971,9,4,4,3,27
2973,7,3,4,4,23
2976,16,6,3,10,39
2978,8,0,2,7,24
2981,8,5,4,1,25
2984,14,9,4,5,36
2987,3,1,2,0,18
2989,6,2,3,3,26
2994,11,4,7,2,26
2996,3,0,3,1,18
2998,10,1,4,5,26
3000,7,0,3,1,18
3003,5,1,4,0,17
3006,11,3,5,4,26
3008,12,1,5,1,22
3010,12,2,4,6,30
3012,10,3,5,1,22
3014,14,4,5,5,27
3016,10,3,3,1,25
3018,8,3,5,2,23
3025,9,10,7,2,24
3028,7,4,4,6,23
3032,10,8,3,3,25
3037,12,9,5,0,26
3038,3,1,1,0,17
3039,10,4,5,3,27
3040,1,1,3,0,15
3041,14,5,12,0,33
3042,9,4,5,6,27
3043,5,1,1,1,19
3044,3,1,3,2,13
3046,4,1,3,0,17
3047,9,9,4,1,18
3048,9,9,6,1,22
3049,4,1,2,0,14
3052,11,13,7,1,25
3053,17,18,11,1,27
3054,12,10,5,2,19
3056,16,17,8,0,25
3057,13,14,10,0,23
3058,13,13,9,0,22
3059,11,11,6,0,17
3060,11,12,6,0,17
3061,3,1,2,0,12
3064,11,13,5,0,18
3065,13,16,8,1,22
3066,7,8,4,1,15
3067,14,14,8,0,17
3068,3,1,2,0,11
3105,19,8,10,2,32
3106,13,1,6,3,25
3107,12,2,5,2,22
3108,2,2,2,0,8
3109,5,5,4,0,10
3112,8,5,2,1,17
3116,9,4,2,5,14
3119,8,4,4,1,17
3122,9,6,3,3,19
3125,14,14,6,1,20
3128,6,1,3,0,15
3131,10,7,3,5,19
3134,5,0,2,0,16
3137,2,0,2,0,13
3140,13,10,2,6,19
3146,6,2,2,0,14
3149,10,10,2,3,21
3151,16,14,2,9,24
3154,3,1,2,0,11
3157,0,0,2,0,8
3161,16,18,11,1,27
3164,4,1,0,0,9
3189,13,11,5,0,23
3190,6,3,4,0,17
3191,13,15,7,0,23
3192,12,14,7,0,22
3193,13,14,7,0,21
3194,16,16,9,1,27
3195,16,18,8,0,25
3196,12,12,6,1,20
3200,15,10,4,9,39
3201,9,5,1,1,14
3202,1,1,1,0,10
3203,2,1,3,0,9
3204,4,0,3,0,15
3205,2,0,0,0,11
3207,4,2,4,0,21
3222,10,0,4,3,23
3226,8,2,4,7,21
3230,8,1,5,3,22
3234,7,4,5,0,18
3239,9,5,4,6,22
3247,8,6,4,0,14
3250,9,3,3,1,21
3253,10,2,4,4,25
3256,19,8,9,7,41
3257,8,5,4,0,19
3258,9,5,4,1,19
3260,13,4,5,3,28
3262,7,2,2,0,15
3265,14,10,6,2,30
3267,6,1,3,0,12
3269,7,2,2,4,16
3270,6,1,1,0,12
3272,9,5,4,0,16
3274,13,6,4,4,22
3276,6,1,2,0,13
3278,8,2,4,0,16
3280,5,1,3,1,14
3281,9,5,2,8,21
3283,3,0,0,0,9
3284,7,5,3,1,14
3286,9,5,3,2,16
3288,11,5,3,8,22
3289,9,7,3,1,15
3291,4,1,1,0,9
3292,6,3,3,4,17
3294,7,6,4,3,17
3295,1,0,1,0,8
3296,3,0,1,1,10
3297,1,0,1,0,8
3298,7,7,4,1,16
3301,2,2,2,1,19
3302,3,1,1,0,11
3303,12,7,4,6,23
3304,3,1,2,0,8
3305,1,1,1,0,10
3309,4,2,3,0,15
3312,16,7,7,6,29
3314,16,5,8,1,31
3317,10,1,4,1,18
3319,14,4,2,6,24
3320,9,3,4,0,19
3322,12,3,7,0,25
3326,20,11,8,10,34
3329,21,12,12,3,35
3333,11,5,4,7,21
3336,6,6,2,0,12
3338,16,5,6,9,31
3341,14,5,7,0,27
3343,10,3,6,0,20
3345,15,6,9,2,31
3348,14,3,5,3,28
3351,5,1,1,0,10
3353,8,5,3,8,19
3356,8,5,5,0,16
3359,8,6,4,0,16
3361,4,1,1,0,9
3364,14,9,8,1,28
3366,7,4,3,0,14
3369,17,14,8,3,33
3371,3,1,2,1,13
3373,4,1,2,0,13
3375,1,0,1,0,7
3377,10,8,6,6,26
3379,7,4,3,0,17
3382,12,3,4,2,28
3419,11,8,7,1,16
3422,14,11,6,1,22
3423,8,4,6,5,23
3424,1,1,4,0,12
3425,15,13,7,1,21
3426,2,0,3,1,15
3427,1,1,0,0,9
3428,4,3,2,0,17
3430,8,8,5,1,14
3431,12,14,9,0,16
3432,14,16,8,0,23
3434,1,1,2,0,18
3435,7,0,4,3,22
3436,4,2,4,0,21
3437,3,0,3,2,20
3438,3,0,2,1,15
3439,12,2,8,0,23
3440,18,8,10,9,35
3441,1,0,3,0,13
3442,10,7,7,2,28
3443,9,3,4,2,23
3444,8,8,4,7,27
3445,7,2,2,1,21
3446,11,5,8,3,21
3447,15,10,8,1,29
3448,12,6,9,0,27
3451,10,5,6,0,20
3452,7,5,2,0,18
3454,18,6,9,6,35
3455,5,1,4,0,18
3457,9,4,5,0,22
3458,5,1,0,0,9
3461,9,4,6,0,24
3462,2,3,0,3,7
3463,5,0,5,0,21
3464,5,2,4,2,16
3465,2,0,3,0,13
3466,13,12,7,1,27
3469,14,6,8,10,29
3470,10,6,7,9,25
3471,10,8,3,3,15
3472,11,10,3,1,15
3473,4,7,2,1,14
3474,8,9,3,4,18
3475,11,10,4,0,14
3477,11,10,6,0,17
3479,4,2,5,5,21
3480,2,0,0,0,7
3494,5,4,2,1,11
3496,6,5,5,0,12
3498,15,6,6,7,30
3505,14,14,10,0,31
3506,16,16,5,9,31
3507,13,8,3,10,21
3508,16,12,3,12,27
3509,17,13,7,6,27
3510,18,11,6,8,26
3511,18,13,10,9,32
3551,17,18,8,0,25
3552,15,16,10,0,18
3553,1,1,2,0,16
3554,2,0,1,0,15
3560,9,9,5,0,15
3561,13,11,5,1,21
3562,11,10,3,1,16
3563,1,0,0,0,10
3564,8,2,5,2,24
3565,16,9,8,9,35
3566,1,0,3,0,6
3568,7,3,8,4,26
3569,11,5,6,3,26
3605,0,1,3,0,19
3606,6,0,7,3,23
3607,12,8,5,4,32
3608,13,12,8,0,17
3609,7,6,4,1,13
3610,9,8,4,0,12
3611,7,7,5,0,8
3612,9,9,5,0,10
3613,9,8,3,0,12
3614,7,6,4,0,9
3615,6,4,2,0,9
3616,9,6,1,1,11
3628,2,0,4,0,18
3629,0,1,1,0,8
3630,4,3,2,1,13
3631,10,9,4,1,20
3632,2,1,0,0,10
3634,6,1,3,2,19
3636,2,0,1,0,10
3637,10,3,2,4,21
3638,9,11,7,0,22
3640,1,0,0,0,8
3641,4,0,0,1,13
3644,0,0,0,0,8
3646,1,0,0,0,7
3647,15,12,7,1,22
3648,13,13,9,1,25
3649,12,9,3,1,25
3652,13,10,2,1,17
3653,9,10,4,1,17
3655,9,2,6,0,17
3656,2,0,0,0,11
3657,3,1,0,0,11
3658,4,0,0,1,12
3659,2,0,0,0,7
3660,9,9,8,0,21
3661,12,13,7,0,23
3662,13,14,6,1,16
3663,12,11,6,0,16
3664,15,17,9,0,22
3665,12,13,6,1,18
3666,6,4,3,0,17
3668,3,2,3,0,14
3669,4,0,3,0,12
3670,7,5,4,3,23
3674,20,19,11,2,31
3675,15,15,6,3,24
3676,8,4,6,5,31
3694,23,10,10,9,41
3696,2,1,3,0,14
3697,2,0,0,0,8
3699,6,8,4,0,20
3700,3,2,0,1,5
3737,11,6,6,1,27
3740,2,1,1,0,10
3745,5,3,4,0,19
3748,16,12,9,1,20
3749,5,3,4,0,16
3750,12,10,7,1,18
3751,7,7,5,0,7
3753,11,10,5,1,19
3754,19,21,6,13,47
3762,17,14,10,1,34
3763,2,0,0,0,6
3764,3,0,0,0,5
3822,6,2,4,2,22
3823,2,1,2,0,13
3828,16,17,9,1,24
3829,17,15,10,1,28
3831,18,12,7,9,33
3836,15,10,7,2,27
3841,9,3,5,1,19
3850,12,6,6,7,26
3851,14,13,10,6,30
3852,22,9,9,9,37
3853,17,10,7,5,28
3854,13,5,6,8,30
3855,11,5,5,8,27
3865,10,10,7,0,11
3881,13,12,6,1,20
3884,8,4,3,4,15
3889,8,9,7,3,22
3891,7,6,5,0,21
3902,10,5,4,3,17
3904,4,7,7,0,15
3906,10,9,6,5,18
3908,20,16,11,5,28
3909,9,9,4,1,17
3910,13,13,7,1,24
3914,4,2,0,3,6
3915,11,7,1,12,17
3917,6,4,2,2,12
3918,13,12,5,7,24
3919,17,15,6,15,31
3921,6,4,2,2,11
3922,11,12,6,1,16
3923,13,12,9,1,22
3924,10,5,5,0,21
3925,7,6,4,0,16
3927,13,6,9,2,31
3928,12,7,7,2,26
3930,11,5,6,0,26
3933,11,5,6,0,23
3934,7,2,4,0,14
3935,12,4,10,1,23
3972,14,14,8,0,25
3974,11,4,6,0,20
3977,10,9,4,1,14
3979,7,2,4,0,18
3981,2,0,0,0,10
3982,4,1,0,1,11
3984,2,0,0,0,10
3987,3,0,0,0,12
3990,10,7,3,1,21
3993,16,11,7,3,29
3994,4,1,4,0,15
3995,1,0,4,0,10
3996,4,2,4,0,16
3997,20,17,12,10,40
3999,19,12,5,11,42
4002,8,7,5,4,27
4006,12,11,6,0,19
4007,13,18,8,1,21
4008,12,14,9,0,20
4009,20,12,8,14,31
4012,8,2,6,0,18
4013,2,1,1,0,7
4016,5,1,3,0,15
4017,5,0,6,1,18
4018,4,1,6,0,22
4019,11,13,5,0,17
4020,8,9,5,0,13
4021,10,11,6,0,16
4022,15,16,9,1,27
4023,5,1,3,1,20
4024,6,0,5,3,19
4025,4,1,4,0,10
4026,13,7,13,0,25
4027,6,2,5,0,19
4028,3,0,5,0,18
4029,2,0,3,0,12
4032,16,15,10,0,21
4035,8,7,5,0,12
4037,8,7,2,1,13
4038,10,10,6,1,14
4041,16,15,10,1,19
4042,5,5,3,0,5
4043,13,14,9,0,15
4045,4,3,3,0,15
4046,28,21,10,4,43
4048,2,1,2,0,9
4049,5,3,1,0,17
4051,1,1,0,0,7
4052,5,2,1,0,14
4053,6,5,3,0,16
4054,8,9,5,1,18
4055,6,7,3,1,14
4056,11,11,8,0,22
4057,13,12,9,0,22
4058,10,13,7,1,21
4059,7,6,5,1,20
4060,8,9,4,1,18
4061,11,11,8,1,25
4062,5,5,3,1,17
4063,5,6,4,1,19
4064,8,6,3,1,17
4065,16,15,9,1,25
4066,8,4,5,0,22
4104,17,15,12,0,27
4105,15,14,10,0,26
4106,12,11,6,1,12
4108,12,12,6,1,15
4110,15,14,8,1,21
4112,18,18,11,1,24
4114,8,4,5,0,18
4115,9,7,5,1,21
4116,7,3,4,1,21
4118,12,13,7,1,23
4119,15,3,11,0,27
4124,10,8,3,1,21
4125,2,1,3,0,16
4126,16,12,6,10,38
4129,9,2,5,0,23
4133,14,11,9,5,28
4134,2,0,0,0,9
4135,0,0,2,0,7
4136,1,1,2,0,11
4137,0,1,2,0,13
4138,7,6,4,6,22
4139,22,21,16,3,43
4140,1,0,0,0,12
4141,3,2,2,0,18
4151,10,7,3,0,18
4152,9,8,6,0,19
4153,0,0,3,0,15
4154,4,4,3,0,8
4156,5,2,4,0,12
4157,4,1,4,0,13
4158,21,17,11,10,47
4159,7,10,6,0,15
4160,7,5,4,1,22
4167,12,4,8,8,31
4178,12,10,4,1,22
4179,10,11,7,0,15
4180,7,9,3,0,18
4181,3,4,5,0,13
4182,9,4,5,0,21
4183,9,7,5,0,13
4184,8,6,3,0,10
4185,12,13,7,0,19
4186,11,11,7,0,11
4188,14,14,8,1,20
4921,3,9,4,1,12
4923,4,5,3,1,10
4925,3,5,2,0,7
4926,6,7,5,0,13
4928,11,16,5,6,26
4929,6,5,2,2,8
4930,8,8,0,9,18
4931,6,8,0,7,10
4933,7,5,3,0,15
4935,4,7,4,0,13
4938,4,4,2,1,8
4939,4,5,4,0,7
4940,5,11,5,4,14
4941,4,5,3,0,9
4943,5,8,2,0,13
4947,5,10,2,2,15
4954,5,7,0,9,10
4955,5,7,5,0,9
4963,6,10,4,2,16
4965,4,4,0,1,8
4970,4,5,1,1,9
4971,4,9,2,1,13
4975,7,7,6,1,16
4979,5,8,3,3,12
4993,3,6,1,0,8
4995,5,7,3,1,12
4996,4,10,1,2,14
4997,3,5,1,0,9
4999,3,5,3,0,7
5000,2,6,2,1,9
5001,7,16,5,7,19
5004,8,11,0,9,26
5009,7,15,4,8,31
5016,10,19,8,7,36
5022,6,12,3,2,20
5023,13,20,7,3,29
5029,10,18,8,4,27
5036,6,14,6,4,21
5048,9,14,4,5,26
5052,4,12,3,5,17
5053,4,7,2,2,11
5056,7,8,3,0,24
5060,7,7,3,0,12
5061,10,16,5,1,21
5063,6,6,4,2,11
5064,7,9,3,2,12
5065,8,8,4,2,13
5066,8,9,3,1,12
5067,7,11,6,0,15
5068,10,18,4,8,30
5069,8,9,0,0,12
5070,8,11,4,4,15
5071,8,10,2,10,16
5072,3,3,0,7,7
5075,8,9,4,1,12
5076,8,7,3,0,14
5077,9,9,5,0,16
5078,7,8,2,2,13
5079,11,9,4,1,15
5080,11,9,4,1,15
5081,3,2,0,2,6
5082,5,5,0,9,12
5083,7,18,5,7,25
5084,11,21,4,10,28
5085,4,7,0,8,8
5087,11,12,6,2,19
5088,6,9,3,3,14
5091,11,16,2,9,22
5093,5,5,3,2,11
5095,12,8,3,2,17
5097,9,13,4,3,22
5098,7,7,0,6,12
5099,5,7,4,1,9
5100,2,4,0,3,8
5101,9,11,3,2,20
5102,5,4,2,1,9
5103,16,20,6,4,30
5104,10,14,4,3,21
5106,9,11,5,2,16
5107,2,2,4,0,5
5109,9,15,7,2,19
5110,5,5,0,1,10
5113,5,8,1,0,11
5114,8,8,2,2,12
5115,6,8,2,1,13
5116,6,11,6,0,14
5117,9,12,7,8,22
5118,6,3,2,2,10
5119,4,3,0,3,7
5122,9,12,5,2,18
5123,10,16,6,4,23
5126,3,6,2,1,7
5127,9,17,0,16,25
5128,3,4,0,6,9
5130,7,9,4,1,15
5131,12,18,5,6,25
5132,7,8,4,3,12
5133,7,9,4,1,17
5134,6,9,4,0,14
5136,7,7,2,0,14
5137,6,6,3,0,9
5138,10,13,4,0,22
5139,10,9,2,1,18
5141,8,9,5,1,19
5142,16,15,10,1,29
5144,8,5,3,0,9
5145,11,14,7,7,22
5146,4,6,4,0,7
5147,5,4,2,1,11
5148,11,12,7,0,19
5149,7,8,3,2,13
5150,10,13,5,0,19
5151,9,9,3,2,15
5153,10,10,2,5,15
5154,7,8,3,2,14
5156,10,9,3,5,14
5157,7,11,3,2,17
5160,5,4,2,1,10
5161,5,6,2,0,11
5162,7,9,3,1,15
5164,7,6,2,0,14
5165,9,8,2,1,15
5167,11,15,7,0,22
5169,9,10,5,0,15
5176,5,8,4,0,11
5178,6,7,7,0,13
5179,6,10,5,0,16
5180,10,12,5,4,26
5182,7,7,2,0,12
5183,6,8,4,0,14
5188,10,8,0,1,14
5189,12,12,5,2,21
5190,7,8,4,1,15
5191,13,19,8,0,30
5192,7,10,3,4,17
5193,11,11,3,0,19
5196,10,12,7,0,19
5197,3,5,1,1,7
5198,9,11,5,0,18
5199,8,10,4,0,18
5200,8,8,5,0,14
5201,13,20,9,1,28
5202,13,20,5,13,30
5204,12,16,8,0,23
5205,11,14,7,0,20
5206,1,3,2,0,9
5207,1,3,1,1,5
5208,9,8,4,0,15
5209,7,8,5,0,15
5210,9,8,4,0,15
5211,8,11,5,2,19
5212,6,7,7,0,10
5213,5,6,3,0,9
5214,11,10,2,0,17
5215,7,8,4,0,14
5216,5,9,4,6,14
5217,9,12,8,7,25
5219,9,11,7,0,15
5221,9,11,5,0,17
5222,11,15,3,0,23
5223,7,12,3,0,19
5224,8,10,3,0,15
5225,8,12,4,3,19
5227,6,8,4,0,13
5229,7,8,3,0,15
5230,7,5,0,1,10
5231,6,6,1,3,11
5233,9,14,6,0,22
5234,8,7,3,4,14
5235,3,8,1,4,15
5236,9,10,2,2,13
5237,10,13,3,2,20
5238,12,15,7,1,21
5239,6,5,1,1,10
5240,10,12,5,1,16
5241,5,6,1,1,6
5244,6,11,4,0,17
5245,9,7,2,1,14
5246,4,7,3,3,10
5247,4,7,4,1,13
5248,9,8,5,4,16
5249,9,13,6,0,18
5251,6,8,0,3,9
5252,15,17,9,0,26
5253,3,7,0,2,13
5254,1,5,0,6,9
5255,7,8,0,12,14
5256,2,4,0,1,5
5258,8,17,0,15,26
5259,5,10,0,10,17
5260,4,8,0,9,15
5261,6,10,0,9,19
5262,7,10,0,7,18
5263,8,7,4,0,13
5264,5,6,6,1,12
5265,3,3,1,0,8
5266,8,8,2,5,13
5267,2,5,0,5,10
5270,10,13,7,1,20
5272,4,3,1,3,7
5274,11,12,5,0,18
5276,9,11,5,0,16
5278,10,11,6,0,20
5279,2,6,4,1,8
5283,11,19,6,11,29
5284,6,9,3,2,13
5285,2,1,0,1,7
5286,8,7,1,1,11
5287,7,12,6,0,17
5288,7,7,2,1,11
5289,8,10,6,0,18
5294,5,5,4,0,9
5295,3,4,3,0,8
5296,7,7,4,0,10
5297,9,10,5,0,15
5298,6,9,5,0,11
5299,10,10,6,0,16
5302,8,21,1,16,32
5303,6,10,0,8,13
5304,3,3,1,2,6
5308,7,6,3,0,10
5309,9,8,3,0,13
5310,11,10,3,0,17
5311,6,9,5,0,11
5312,6,10,2,2,16
5319,4,5,2,1,7
5321,7,8,1,8,15
5322,6,7,1,5,14
5338,4,5,3,1,9
5370,5,2,2,2,8
5376,9,8,2,8,16
5390,4,5,0,0,6
5406,3,2,1,1,6
5410,2,2,0,0,5
5417,5,3,1,2,5
5441,2,2,0,2,5
5459,3,3,3,1,7
5524,7,13,3,8,21
5525,7,6,0,6,13
5527,10,8,3,5,18
5535,11,12,5,6,15
5536,16,23,7,11,32
5537,12,20,9,6,34
5538,15,20,10,8,40
5539,16,20,15,7,39
5540,14,20,4,13,36
5541,15,18,8,12,36
5542,15,18,6,12,31
5543,18,18,15,10,44
5544,10,13,8,8,25
5545,14,18,11,7,40
5546,18,25,7,12,38
5547,12,24,7,11,42
5548,10,14,6,8,24
5549,14,15,6,10,29
5550,11,21,9,9,28
5551,13,18,4,11,29
5552,13,15,10,11,32
5553,9,12,11,4,23
5554,16,22,8,11,33
5556,16,19,14,10,33
5557,13,18,12,9,27
5558,25,25,15,15,43
5559,19,24,14,11,41
5560,9,15,11,6,25
5561,24,23,16,13,45
5562,14,21,13,7,35
5563,9,16,9,9,26
5564,17,20,9,12,35
5565,24,27,13,17,52
5566,7,6,4,6,15
5567,14,17,9,10,24
5568,13,19,10,12,29
5569,10,18,3,14,22
5570,11,15,8,8,23
5571,9,15,11,6,20
5572,17,19,14,7,35
5573,3,2,2,1,5
5574,3,8,3,5,11
5575,20,25,9,17,42
5576,6,9,4,0,13
5577,7,6,3,0,10
5579,5,7,1,0,12
5581,5,7,1,2,10
5582,5,5,1,1,9
5585,5,11,2,2,13
5587,5,8,2,4,12
5589,4,5,2,3,6
5591,6,12,3,5,15
5592,13,17,6,4,26
5593,11,12,5,4,20
5595,9,12,7,0,18
5597,8,12,5,0,15
5598,18,27,6,17,39
5599,5,11,3,4,19
5601,10,17,6,3,22
5603,7,12,3,1,18
5605,5,8,3,0,11
5607,6,9,0,10,14
5608,12,22,2,14,32
5609,12,23,4,13,35
5610,4,8,3,1,13
5616,5,6,3,3,9
5617,12,14,9,0,21
5619,16,20,8,9,33
5621,3,3,3,0,7
5622,4,2,0,4,9
5625,10,11,3,10,19
5626,7,6,1,5,10
5627,5,5,2,5,10
5630,6,12,0,9,13
5631,4,4,0,5,7
5633,6,11,2,8,16
5636,5,5,3,4,8
5643,4,6,0,5,8
5649,3,9,0,3,14
5650,4,5,1,3,7
5651,5,8,3,0,10
5652,3,6,0,0,13
5655,7,14,2,7,18
5656,11,15,3,7,27
5657,7,9,3,4,15
5659,3,7,1,2,11
5660,14,21,10,7,32
5662,5,8,2,1,9
5665,7,12,5,1,18
5669,3,5,3,1,7
5670,4,3,3,2,7
5674,8,13,5,1,19
5675,6,12,4,0,15
5676,6,14,3,6,18
5677,8,13,4,2,16
5678,8,12,3,0,15
5681,7,7,1,2,10
5685,3,4,2,0,6
5689,5,6,1,6,9
100026,0,1,0,0,7
100031,2,3,0,0,11
100032,0,3,0,0,7
100033,0,2,0,0,8
100035,2,4,1,0,11
100036,1,3,0,0,7
100037,1,3,0,0,9
100039,1,3,0,0,8
100042,0,3,0,0,7
100044,0,3,0,0,7
100045,2,6,2,0,11
100047,0,3,0,0,9
100048,1,1,0,0,7
100049,0,2,0,0,6
100050,2,4,0,0,7
100052,0,2,0,0,8
100054,1,3,0,0,7
100057,2,2,3,0,15
100059,1,1,4,0,17
100060,0,0,1,0,6
100061,3,2,4,1,18
100062,0,0,1,0,11
100063,2,2,2,1,15
100064,0,0,1,0,10
100065,1,0,0,0,7
100066,0,0,0,0,9
100067,2,0,1,1,20
100068,2,1,1,1,11
100069,0,0,1,0,10
100070,1,0,0,0,8
100072,0,0,0,0,6
100074,0,0,2,0,20
100076,1,1,2,0,12
100077,2,2,1,1,6
100080,0,0,1,0,13
100083,1,1,0,0,5
100085,0,0,0,0,8
100086,2,1,1,1,13
100087,0,0,0,0,6
100088,1,1,2,0,13
100089,0,0,0,0,12
100090,0,0,0,0,5
100091,0,0,3,1,13
100092,0,0,2,0,10
100093,1,1,2,1,14
100094,0,0,1,0,11
100095,1,1,0,1,9
100096,2,2,4,0,22
100097,0,0,1,0,13
100098,0,0,1,0,10
100099,1,0,1,0,12
100100,2,2,2,0,7
100101,2,2,1,0,10
100102,2,1,2,0,7
100104,1,1,1,0,10
100105,1,1,2,0,11
100107,1,1,2,0,6
100108,3,3,2,1,11
100109,2,1,2,0,9
100110,2,2,2,0,11
100111,1,1,1,0,8
100112,3,1,2,0,17
100114,1,1,3,0,19
100116,0,0,0,0,9
100117,0,0,2,0,14
100119,0,0,1,0,7
100120,0,0,0,0,6
100121,2,2,2,0,9
100122,2,1,2,0,9
100123,0,0,1,1,10
100125,1,1,1,0,5
100127,0,1,0,0,7
100128,2,2,0,0,6
100130,0,0,0,0,10
100134,2,1,0,0,10
100135,1,1,2,0,6
100136,0,0,0,0,5
100138,1,0,1,0,11
100140,0,0,0,0,8
100141,2,2,3,0,18
100143,1,1,0,1,9
100144,5,0,0,1,5
100148,5,0,0,0,6
100154,5,0,0,0,6
100163,1,0,0,0,10
100164,0,0,1,0,9
100166,2,2,2,1,13
100167,1,1,0,1,8
100168,1,2,2,0,9
100169,1,0,1,0,7
100170,3,3,2,1,14
100171,1,0,0,0,9
100172,4,0,0,0,23
100173,2,2,3,0,12
100175,2,2,3,0,11
100176,2,2,0,0,13
100177,1,0,1,0,8
100178,3,2,2,1,11
100179,1,1,2,1,20
100180,1,0,1,0,9
100181,1,2,3,0,16
100182,2,1,0,0,5
100183,4,2,0,1,15
100184,3,2,1,0,14
100186,2,1,2,1,14
100187,1,1,2,0,8
100188,2,1,1,0,8
100189,0,0,1,0,17
100190,1,1,0,0,8
100191,3,2,2,0,15
100192,1,0,1,0,11
100193,3,2,2,0,13
100194,1,2,2,0,15
100195,1,1,3,0,13
100197,1,1,3,0,16
100198,1,1,1,0,7
100199,4,1,1,1,16
100200,1,1,1,0,5
100201,0,0,0,0,9
100202,1,0,0,0,8
100203,3,2,1,0,10
100204,2,2,2,0,9
100205,0,0,1,0,15
100206,1,1,2,0,12
100208,3,2,1,0,13
100209,1,1,2,0,14
100212,0,0,1,0,7
100213,4,2,2,0,11
100214,1,1,2,0,6
100215,3,2,2,0,8
100216,4,1,2,0,12
100217,2,1,1,1,7
100224,7,0,2,0,9
100225,5,0,3,0,7
100226,5,0,2,0,10
100228,7,0,0,0,10
100230,8,0,1,1,11
100231,5,0,0,0,7
100237,8,1,4,0,12
100238,4,0,1,0,6
100244,7,0,1,0,7
100246,5,0,0,1,6
100247,7,0,2,0,7
100250,4,0,0,0,7
100252,0,0,1,0,16
100253,1,1,2,0,13
100254,0,1,1,0,9
100256,2,3,2,0,19
100257,2,1,3,0,12
100258,2,2,1,0,18
100259,1,2,1,1,20
100260,3,2,2,0,15
100262,0,0,0,0,5
100264,0,0,1,0,5
100265,3,2,0,1,14
100266,1,0,1,1,11
100267,1,1,0,0,11
100268,1,1,2,0,13
100269,0,0,1,0,8
100270,1,1,2,0,9
100271,3,3,1,1,15
100272,1,2,2,0,20
100274,3,2,1,1,7
100275,2,1,3,0,17
100276,0,0,1,0,11
100277,4,2,3,1,22
100278,2,1,0,1,9
100279,3,0,1,0,10
100280,2,1,2,0,12
100282,2,3,2,1,13
100283,1,1,2,1,15
100285,0,0,0,0,5
100286,1,1,2,0,8
100287,1,0,1,0,8
100289,1,1,2,0,10
100290,3,2,1,0,6
100291,1,2,4,0,30
100293,4,3,4,0,22
100294,2,2,2,0,9
100295,2,1,2,0,10
100296,3,2,2,0,11
100297,2,1,2,0,9
100298,1,1,3,0,17
100300,1,2,2,1,16
100301,2,2,3,0,15
100304,1,1,1,0,8
100305,3,2,1,1,14
100306,0,0,1,0,7
100307,1,1,3,0,19
100308,2,3,2,1,13
100309,1,0,1,0,10
100310,2,2,1,0,13
100312,0,1,1,0,12
100313,1,2,2,0,12
100314,1,1,1,0,11
100316,0,0,1,0,13
100317,3,3,3,1,17
100318,3,2,3,0,13
100319,2,2,2,0,14
100320,1,1,2,0,17
100321,2,1,1,0,10
100324,8,1,3,0,11
100325,11,0,4,1,15
100326,9,0,4,1,10
100327,5,0,1,0,7
100329,7,0,2,1,9
100330,9,0,1,0,12
100331,8,0,2,0,8
100332,6,1,2,0,7
100334,13,0,2,1,15
100335,5,0,2,0,7
100336,15,0,5,1,19
100337,8,0,2,0,9
100339,10,1,2,1,12
100340,5,0,1,0,9
100344,6,0,1,1,7
100345,7,0,1,1,8
100346,7,1,2,2,11
100347,6,0,2,0,6
100348,9,2,2,1,10
100349,6,0,2,1,10
100350,4,1,2,0,5
100353,10,0,3,0,13
100356,7,0,2,1,10
100357,8,0,2,1,11
100358,5,0,1,1,8
100360,5,1,2,1,6
100361,6,0,1,1,7
100363,5,0,0,1,7
100365,5,0,0,0,6
100366,5,0,1,1,7
100367,6,0,1,1,7
100371,8,0,1,2,11
100372,6,3,2,0,15
100373,0,0,0,0,12
100375,0,0,2,0,10
100377,0,0,1,0,8
100378,2,2,1,1,7
100379,1,1,1,0,12
100380,2,2,2,0,9
100381,2,2,2,0,12
100382,1,0,0,0,10
100383,0,0,1,0,6
100384,3,1,2,0,12
100385,2,2,4,0,9
100387,2,3,2,0,18
100388,3,1,2,0,9
100390,3,3,2,0,14
100391,1,1,1,0,15
100392,1,0,1,0,5
100393,1,1,1,0,9
100394,2,2,3,1,16
100395,4,5,2,1,15
100396,1,0,1,0,15
100397,3,3,0,0,14
100398,4,2,3,2,19
100399,0,0,0,1,9
100400,3,2,2,0,11
100402,2,4,3,0,16
100403,3,5,5,0,33
100404,1,2,2,0,13
100405,3,3,4,1,22
100406,2,3,4,0,13
100407,0,0,1,0,6
100408,2,1,2,0,17
100409,2,1,0,1,12
100411,1,0,0,0,7
100412,1,1,1,0,10
100414,3,3,2,1,12
100415,3,4,4,1,17
100416,4,6,3,0,23
100417,4,3,1,1,22
100418,1,0,1,0,10
100419,2,2,2,0,17
100420,1,0,1,0,10
100421,1,2,2,0,15
100422,2,1,1,0,13
100423,1,1,1,0,12
100424,2,0,0,0,14
100425,3,2,1,1,14
100426,3,3,2,0,18
100427,3,3,2,0,15
100428,2,0,0,0,7
100430,2,1,1,1,12
100431,10,1,3,1,11
100432,4,0,2,0,7
100433,7,0,1,1,9
100434,6,0,1,0,7
100435,12,2,2,2,15
100436,10,0,2,1,12
100437,3,0,0,0,6
100438,5,0,1,0,5
100439,7,2,2,0,9
100440,9,2,2,0,12
100442,3,0,1,0,5
100443,6,0,1,1,8
100450,6,0,1,1,9
100452,8,0,1,0,9
100453,7,0,2,0,8
100456,5,0,1,0,7
100460,4,0,1,0,6
100462,5,0,1,1,6
100463,8,0,1,1,9
100467,7,1,1,0,9
100468,6,0,1,0,8
100470,9,0,2,1,10
100471,8,0,1,1,9
100472,3,0,0,0,7
100473,6,0,1,0,7
100474,5,0,1,1,7
100476,5,0,2,0,6
100480,4,0,0,1,8
100488,5,4,2,0,11
100494,1,0,1,0,6
100495,2,1,1,0,7
100498,5,3,2,0,10
100499,4,1,1,0,13
100500,5,0,7,1,20
100501,1,1,1,0,12
100503,1,1,3,0,10
100504,0,0,1,0,14
100506,0,0,3,0,15
100507,2,1,2,0,13
100508,1,1,0,0,6
100509,1,1,1,0,6
100511,1,1,2,0,16
100512,0,0,0,0,7
100513,1,1,1,0,10
100514,2,1,1,0,13
100515,1,0,1,0,7
100516,0,0,0,0,7
100517,3,3,3,0,18
100518,2,0,0,0,9
100519,2,2,2,1,16
100520,2,1,0,0,9
100521,4,4,4,0,22
100522,3,4,3,1,19
100523,0,0,1,0,5
100524,1,0,0,0,7
100525,3,3,3,0,16
100526,1,1,1,0,5
100527,3,5,4,0,21
100528,8,11,4,1,21
100529,5,3,2,0,19
100530,2,3,3,0,17
100531,9,11,7,2,33
100532,4,5,3,2,19
100533,4,6,5,2,24
100534,2,4,3,0,18
100535,6,7,3,2,24
100536,6,9,3,2,20
100537,4,5,3,1,14
100538,2,3,4,0,21
100539,4,2,3,0,11
100540,1,2,2,0,15
100542,0,0,1,0,10
100543,5,0,2,0,7
100545,7,0,2,1,9
100546,9,1,5,0,11
100547,4,0,3,0,7
100548,6,0,2,0,8
100550,4,0,1,0,7
100552,6,1,2,0,10
100553,6,1,2,1,9
100554,5,0,1,0,8
100555,7,0,1,0,9
100556,6,0,0,0,9
100557,5,0,1,0,7
100558,5,0,1,0,6
100560,4,1,2,0,6
100561,4,0,0,0,6
100563,5,0,1,0,6
100566,4,0,0,0,7
100567,5,1,1,0,7
100569,4,0,1,0,6
100571,6,0,1,1,8
100572,5,1,1,0,7
100574,5,0,1,0,7
100575,7,1,0,1,8
100576,5,0,1,0,7
100577,4,0,0,0,7
100579,3,0,2,0,7
100582,5,0,1,0,8
100583,7,1,1,0,9
100586,6,0,1,0,9
100587,8,0,1,1,9
100588,4,1,1,0,7
100593,3,0,0,0,8
100602,4,0,0,0,8
100605,4,0,0,0,8
100609,6,1,1,0,10
100611,6,0,0,0,9
100614,3,1,0,0,9
100615,6,3,2,0,12
100616,2,0,0,0,10
100617,1,0,1,0,11
100618,1,0,0,0,7
100620,2,1,1,0,7
100621,5,4,3,0,13
100624,5,4,2,0,8
100625,3,0,2,0,13
100626,3,0,0,0,11
100627,4,1,2,4,19
100628,8,5,4,1,17
100629,0,0,0,0,6
100630,0,0,2,0,11
100631,0,0,1,0,8
100633,1,1,0,0,5
100634,2,1,2,0,12
100635,0,0,0,0,12
100636,4,1,2,1,14
100637,1,1,5,0,19
100638,1,0,1,0,9
100640,3,1,1,0,11
100641,0,0,1,0,7
100643,0,0,0,0,5
100644,2,0,0,0,8
100646,2,0,1,0,13
100649,2,3,3,0,20
100650,0,1,2,0,12
100651,2,1,1,0,13
100652,0,0,0,0,6
100653,2,1,1,1,6
100655,1,1,0,0,10
100656,2,3,2,0,14
100657,1,2,1,0,13
100658,3,3,2,0,10
100659,3,3,1,0,19
100660,2,2,2,0,8
100661,3,2,1,0,6
100663,4,2,1,0,14
100665,3,3,2,0,12
100666,3,5,4,0,16
100667,3,3,3,0,14
100668,2,3,2,0,14
100669,0,2,3,0,16
100672,2,2,1,0,12
100673,5,0,3,0,9
100674,7,0,3,0,10
100675,4,0,1,0,5
100676,11,2,6,0,16
100677,12,2,6,0,16
100678,8,0,2,0,11
100679,5,1,2,0,7
100680,12,2,1,2,18
100681,5,1,3,0,7
100683,6,1,2,0,10
100684,5,1,1,0,7
100685,8,2,2,0,12
100687,6,1,1,0,11
100688,4,0,1,0,9
100689,8,2,1,2,11
100696,3,0,0,0,5
100698,4,0,0,0,6
100711,5,0,3,0,7
100713,4,0,1,0,7
100729,4,1,0,0,6
100730,4,1,0,0,6
100734,4,4,2,0,8
100735,3,1,1,0,10
100739,5,5,3,0,7
100740,1,0,0,1,7
100742,4,3,2,0,12
100743,2,0,0,0,10
100745,4,1,0,0,8
100746,5,1,1,2,14
100747,4,0,4,0,16
100748,2,0,2,0,12
100749,3,1,4,2,13
100750,3,0,2,0,15
100751,5,1,7,0,13
100752,0,0,0,0,5
100753,0,0,1,0,7
100754,3,1,1,1,13
100755,1,1,2,0,10
100756,0,0,0,0,7
100758,1,3,1,0,6
100761,1,0,1,0,10
100762,0,0,2,0,15
100763,0,0,1,0,8
100764,2,1,1,0,16
100765,0,0,0,0,7
100766,2,1,1,1,10
100767,3,2,1,0,14
100768,0,1,0,0,7
100769,1,0,1,0,9
100770,1,0,0,0,6
100771,0,0,1,0,12
100772,1,2,1,0,11
100774,0,1,1,0,7
100775,4,2,1,0,20
100777,0,0,1,0,8
100779,0,0,1,0,7
100780,1,1,0,0,7
100781,1,0,0,0,7
100782,1,0,0,0,8
100783,1,2,3,0,10
100784,0,1,0,0,8
100785,1,2,1,0,11
100786,4,4,1,0,17
100787,1,1,1,0,8
100789,2,1,0,0,10
100790,2,2,0,0,12
100791,1,0,1,0,9
100792,1,1,0,0,12
100793,1,3,1,0,11
100794,4,2,1,0,17
100796,0,2,2,0,14
100798,2,2,0,0,10
100799,0,0,1,0,8
100800,1,0,0,0,9
100801,4,3,2,0,18
100802,3,1,1,0,13
100803,4,8,3,0,22
100804,0,1,1,0,6
100805,4,4,1,1,13
100806,5,9,2,0,25
100807,2,4,2,0,13
100808,5,8,2,0,20
100809,4,6,3,3,13
100810,1,1,1,1,6
100811,4,7,4,0,20
100812,5,8,3,0,24
100813,5,5,0,0,21
100814,7,10,4,0,26
100815,4,4,2,0,7
100816,3,6,6,0,20
100817,9,11,5,0,27
100818,5,7,2,1,22
100819,6,6,3,0,21
100820,2,5,4,0,21
100821,3,3,0,0,12
100822,2,4,0,0,12
100823,3,5,1,0,22
100824,3,4,2,0,17
100825,4,8,1,0,21
100826,3,6,1,0,19
100827,3,5,2,0,15
100828,6,6,2,1,21
100829,4,2,2,0,21
100830,2,2,0,0,20
100831,2,4,1,0,13
100832,5,8,4,0,31
100833,2,5,1,0,15
100834,4,4,0,0,16
100835,5,4,0,1,19
100836,0,1,0,0,7
100837,1,2,0,0,13
100838,2,3,0,0,16
100839,1,0,0,0,10
100840,1,0,0,0,6
100841,1,0,0,0,7
100847,5,0,1,0,7
100849,5,0,1,0,6
100852,4,0,0,0,5
100856,8,1,4,0,13
100858,9,1,2,0,14
100859,5,0,1,0,7
100861,5,1,2,0,7
100863,5,0,1,0,7
100864,5,0,1,0,8
100865,4,0,1,0,6
100866,5,0,1,0,8
100871,5,3,2,0,9
100872,7,2,2,0,8
100875,4,0,0,0,8
100876,7,1,1,0,10
100877,5,2,4,0,5
100879,8,1,2,0,9
100881,4,0,0,0,6
100885,5,0,1,0,7
100892,8,4,4,1,12
100893,6,2,3,0,6
100894,5,0,1,0,10
100900,5,1,2,0,7
100903,5,1,1,0,9
100904,6,1,1,0,9
100906,6,1,2,0,9
100907,9,3,4,0,10
100908,5,2,2,0,9
100909,9,2,5,1,12
100914,5,1,2,0,6
100917,3,1,1,0,5
100919,7,2,2,0,12
100922,4,0,1,0,7
100925,4,1,1,0,7
100926,6,1,1,0,9
100927,6,0,1,0,9
100929,3,0,0,0,7
100933,4,0,2,0,6
100936,4,1,0,0,6
100938,5,1,0,0,7
100942,4,0,0,0,7
100949,5,0,0,0,8
100952,4,0,0,0,5
100955,4,1,1,0,5
100970,4,0,1,0,7
100972,3,1,0,0,7
100973,6,1,1,0,8
100982,4,0,1,0,8
100983,3,0,0,0,7
100989,3,0,0,0,7
100994,3,1,0,0,7
101005,3,0,0,0,7
101011,4,1,0,0,9
101020,4,1,0,0,9
101039,4,0,1,3,17
101042,3,0,0,0,9
101043,2,0,2,0,9
101044,5,4,2,0,8
101048,2,0,0,0,9
101050,5,4,2,0,6
101052,9,7,3,0,13
101054,6,0,1,0,14
101055,4,3,2,1,10
101056,12,6,3,3,23
101057,3,2,1,0,7
101058,5,0,1,3,19
101059,3,1,1,0,10
101060,4,0,1,1,11
101061,8,1,3,4,26
101063,2,3,0,0,11
101064,1,0,1,0,11
101065,1,0,1,0,11
101066,0,0,1,0,12
101067,0,0,1,0,13
101068,1,0,0,0,9
101069,1,0,0,0,5
101070,0,0,0,0,10
101071,1,1,0,0,10
101072,2,2,1,0,7
101075,0,0,0,0,8
101077,0,0,1,0,16
101078,0,0,0,0,6
101080,0,0,0,0,8
101081,0,0,0,0,10
101082,1,0,1,0,11
101083,1,1,1,0,13
101084,1,0,0,0,6
101085,1,0,0,0,8
101087,2,3,1,1,15
101088,0,0,0,0,7
101089,2,3,1,0,13
101091,2,4,1,0,11
101092,0,1,0,0,5
101093,2,1,0,0,12
101094,1,0,0,0,10
101095,3,5,0,0,34
101096,3,0,0,0,8
101097,1,0,0,0,9
101098,5,6,1,0,24
101099,3,5,4,0,19
101100,7,7,2,1,24
101101,1,5,0,0,14
101102,7,12,3,1,24
101103,2,3,1,0,7
101104,3,7,3,0,17
101105,5,9,1,1,17
101106,5,5,1,0,34
101107,3,3,0,0,14
101108,4,7,0,0,13
101109,6,10,2,0,19
101110,5,8,2,0,20
101111,8,7,0,0,28
101112,6,8,2,0,20
101113,2,5,0,0,14
101114,1,4,1,0,12
101115,5,8,3,1,24
101116,1,4,0,0,10
101117,6,10,1,0,24
101118,2,2,0,0,12
101119,1,3,0,0,9
101120,2,3,1,0,8
101121,4,5,2,0,15
101122,2,6,0,0,21
101123,1,3,0,0,10
101124,3,6,2,0,28
101125,0,0,0,0,5
101126,2,6,0,0,18
101127,3,7,0,0,18
101128,2,4,0,0,14
101129,3,1,0,0,17
101130,0,3,0,0,10
101131,3,6,0,0,20
101132,1,4,0,0,13
101133,5,5,0,0,18
101134,2,3,0,0,14
101135,1,2,0,0,9
101136,3,3,0,0,16
101137,3,1,0,0,12
101138,0,0,0,0,6
101139,4,3,0,0,20
101140,2,0,0,0,14
101141,1,1,0,0,17
101142,3,3,0,0,19
101143,3,4,0,0,16
101144,0,0,0,0,7
101145,1,2,0,0,17
101146,2,2,0,0,14
101147,4,2,0,0,17
101148,1,1,0,0,9
101149,3,2,0,0,14
101150,0,1,0,0,6
101151,3,4,0,0,20
101152,3,3,0,0,15
101153,0,1,0,0,14
101154,1,1,0,0,16
101155,1,1,0,0,10
101156,0,0,0,0,8
101157,3,5,3,0,21
101158,0,1,0,0,15
101159,1,2,0,0,16
101160,3,2,0,0,17
101161,3,2,0,0,10
101162,1,1,0,0,14
101163,3,2,0,0,18
101164,0,1,0,0,17
101165,1,1,0,0,12
101166,1,0,0,0,10
101167,2,1,0,0,11
101168,2,0,0,0,17
101169,1,0,0,0,14
101170,1,2,0,0,9
101171,1,0,0,0,12
101172,3,2,0,0,9
101173,0,0,0,0,7
101174,0,0,0,0,8
101175,1,1,0,0,11
101176,0,0,0,0,12
101177,1,1,0,0,11
101178,2,0,0,0,8
101179,0,1,0,0,9
101180,2,0,0,0,12
101181,0,0,0,0,7
101182,3,3,1,0,11
101184,1,1,0,0,14
101186,2,2,0,0,9
101187,1,0,0,0,7
101188,2,0,0,0,8
101190,2,0,0,0,10
101196,7,1,1,0,8
101199,5,0,0,0,7
101202,4,1,0,0,7
101204,4,2,1,0,6
101206,6,1,2,0,9
101208,6,0,1,0,10
101210,8,0,2,0,11
101213,5,1,1,0,8
101219,11,4,4,0,15
101221,8,0,1,0,13
101223,4,1,2,0,5
101225,8,3,5,0,10
101226,5,0,2,0,6
101228,6,1,3,0,9
101230,4,0,0,0,7
101232,6,2,3,0,8
101233,5,3,3,0,9
101235,5,1,1,0,8
101240,3,0,0,0,9
101241,8,5,2,1,8
101247,5,2,2,1,8
101248,6,1,2,0,8
101250,7,2,1,0,11
101253,5,1,1,0,7
101255,4,1,1,0,6
101259,5,2,1,0,8
101263,8,2,1,0,12
101264,4,1,0,0,7
101265,5,1,0,0,7
101268,8,2,1,2,11
101275,5,0,0,0,7
101277,5,1,1,0,7
101279,9,0,1,1,11
101284,3,0,0,0,7
101285,7,1,0,0,9
101292,4,1,0,0,6
101294,2,0,0,0,5
101296,3,0,0,0,8
101307,3,1,1,0,6
101308,4,1,1,0,6
101311,3,1,0,0,9
101312,4,2,1,0,7
101314,4,1,0,0,5
101317,6,1,0,0,10
101321,3,1,0,0,7
101379,5,4,2,0,5
101381,5,4,3,0,5
101382,7,6,3,0,7
101384,4,3,2,0,7
101396,14,7,5,2,26
101397,4,0,3,2,17
101398,6,1,0,4,14
101401,8,2,3,6,26
101402,10,9,4,1,13
101403,6,4,3,0,14
101404,3,0,3,1,15
101405,10,8,3,0,10
101406,9,3,4,0,15
101409,7,3,3,0,17
101411,9,5,3,4,22
101412,11,5,1,6,23
101413,2,0,2,0,15
101414,3,0,1,0,10
101415,4,1,4,0,12
101416,5,2,6,0,15
101417,4,0,3,0,11
101418,10,2,5,0,20
101420,7,0,1,2,19
101421,10,4,3,7,22
101422,4,1,1,1,13
101423,3,0,1,0,10
101424,9,4,4,1,13
101426,15,6,3,5,30
101427,7,2,4,0,11
101428,5,2,6,0,8
101429,0,0,1,0,7
101430,0,0,0,0,6
101431,3,3,1,0,12
101432,4,5,1,0,14
101433,0,1,0,0,6
101435,3,4,1,0,13
101436,1,1,0,0,7
101439,0,4,1,0,11
101440,0,0,0,0,6
101441,2,5,1,0,9
101444,0,2,0,0,10
101445,0,0,0,0,5
101448,0,0,0,0,6
101456,0,1,0,0,7
101457,2,0,0,0,6
101458,1,0,0,0,9
101460,2,3,0,0,19
101461,4,4,0,0,15
101462,3,2,0,0,17
101463,1,3,0,0,15
101464,3,2,0,0,13
101466,0,1,0,0,12
101469,0,0,0,0,8
101471,0,1,0,0,5
101472,2,0,0,0,9
101473,3,4,0,0,11
101474,1,0,0,0,5
101475,2,4,0,0,12
101476,1,1,0,0,7
101477,1,5,0,0,18
101478,0,2,0,0,10
101480,4,3,0,0,15
101481,1,4,0,0,10
101482,0,1,0,0,8
101484,3,4,0,0,16
101490,0,1,0,0,7
101491,3,1,0,0,14
101492,3,4,1,0,14
101494,3,2,0,0,15
101495,4,5,0,1,20
101496,2,1,0,0,16
101497,1,1,0,0,11
101498,0,1,0,0,8
101499,2,2,0,0,15
101500,3,3,0,0,16
101501,4,3,0,0,16
101503,2,2,0,0,12
101504,4,3,0,0,18
101505,1,2,0,0,7
101508,0,2,0,0,9
101509,0,3,0,0,12
101510,0,1,0,0,7
101511,1,2,0,0,6
101513,0,1,0,0,11
101514,2,3,0,0,17
101515,2,1,0,0,10
101516,2,5,0,1,15
101517,2,4,0,0,20
101518,0,0,0,0,7
101519,0,0,0,0,7
101520,0,1,0,0,5
101522,1,2,1,0,10
101525,0,1,0,0,7
101526,0,1,0,0,7
101528,0,0,0,0,6
101529,1,2,0,0,10
101530,0,0,0,0,6
101531,2,3,0,0,16
101532,0,0,0,0,8
101533,1,0,0,0,7
101534,3,1,0,0,14
101535,0,1,0,0,6
101536,0,0,0,0,9
101537,0,2,0,0,16
101538,1,0,1,0,11
101539,3,0,0,0,12
101540,0,1,0,0,9
101541,1,2,0,0,12
101542,0,1,0,0,10
101543,1,0,0,0,8
101544,1,0,0,0,8
101546,0,1,0,0,7
101547,2,0,0,0,6
101548,0,0,0,0,9
101549,1,1,0,0,9
101550,0,0,0,0,6
101551,1,0,0,0,8
101553,2,1,0,0,9
101555,1,0,0,0,8
101556,2,0,0,0,11
101558,2,0,0,0,8
101559,2,1,0,0,12
101560,2,0,0,0,6
101561,1,0,0,0,9
101562,1,0,0,0,7
101563,2,0,0,0,9
101564,1,0,0,0,5
101565,1,0,0,0,5
101566,1,0,0,0,6
101567,4,0,0,0,5
101569,1,0,0,0,6
101570,2,0,0,0,6
101579,6,0,1,0,8
101580,6,0,1,0,10
101582,4,0,0,0,7
101587,15,5,4,1,21
101588,6,1,3,0,6
101589,8,4,3,1,12
101591,3,1,1,0,5
101593,4,2,0,1,5
101594,6,2,1,0,9
101596,7,3,3,0,9
101599,12,6,4,1,13
101601,5,0,1,0,7
101602,7,4,2,1,10
101603,8,5,2,1,9
101607,2,0,1,0,5
101608,3,1,2,0,5
101610,8,4,2,1,11
101613,6,5,2,0,7
101614,5,1,1,0,7
101615,5,2,2,0,8
101616,4,1,1,0,6
101617,3,1,1,0,7
101618,6,4,1,1,10
101619,4,1,1,0,6
101620,4,2,1,0,6
101623,4,1,1,0,6
101625,3,1,0,0,8
101630,3,1,1,0,6
101633,5,2,1,0,9
101634,4,2,1,0,6
101635,4,0,0,0,8
101638,4,1,0,0,7
101644,3,0,1,0,6
101646,4,3,1,0,7
101648,5,2,2,0,9
101649,3,1,1,0,5
101653,4,1,0,0,8
101659,6,1,1,0,9
101660,6,1,1,0,10
101663,6,1,1,0,8
101670,5,1,1,0,8
101672,4,1,0,0,7
101677,4,1,0,0,7
101684,5,1,0,0,9
101687,4,1,0,0,7
101693,3,1,1,0,6
101696,4,1,0,0,8
101698,3,1,0,0,7
101705,3,1,0,0,6
101709,4,1,0,0,9
101710,4,1,0,0,8
101750,3,3,2,0,6
101751,8,6,2,0,15
101752,10,8,3,0,11
101754,4,1,1,0,9
101756,2,0,0,0,5
101758,6,6,2,2,20
101761,5,4,2,0,8
101762,7,5,3,0,8
101763,10,8,4,0,12
101764,7,5,3,0,9
101765,13,9,4,0,25
101766,6,5,3,0,7
101769,8,7,4,0,10
101770,18,14,8,3,34
101772,2,0,1,1,16
101773,3,1,2,0,12
101774,4,1,0,0,6
101776,11,4,4,6,20
101777,5,4,4,0,9
101778,4,0,0,2,14
101779,13,12,9,0,20
101780,7,6,1,6,17
101781,1,0,0,1,7
101782,9,7,3,0,11
101783,10,4,1,8,20
101786,11,6,3,6,24
101787,6,1,1,0,15
101788,5,5,1,4,9
101789,4,0,0,2,16
101790,9,8,4,6,16
101791,19,11,6,7,27
101792,7,6,4,0,9
101793,6,5,4,0,7
101794,12,6,6,3,17
101795,12,4,5,1,27
101796,7,5,3,1,8
101797,8,2,5,0,10
101798,21,13,8,12,36
101800,14,7,7,2,19
101801,6,7,2,3,12
101802,16,10,9,6,30
101803,14,7,9,3,21
101804,6,4,2,0,6
101805,7,0,2,0,8
101806,3,6,2,0,20
101813,1,0,0,0,5
101814,0,1,0,0,6
101816,0,0,0,0,5
101820,0,1,0,0,6
101822,0,0,0,0,5
101824,2,0,0,0,6
101825,2,0,0,0,7
101826,0,1,0,0,8
101828,0,1,0,0,8
101829,2,3,0,0,11
101831,1,0,0,0,9
101833,6,8,0,2,21
101834,1,1,0,0,5
101835,2,5,0,0,14
101838,1,2,0,0,9
101839,2,1,0,0,8
101841,1,1,0,0,8
101845,1,0,0,0,5
101847,0,2,0,0,7
101848,4,5,0,0,17
101852,0,2,1,0,9
101860,0,1,0,0,7
101862,0,1,0,0,6
101864,0,1,0,0,6
101865,2,4,1,0,12
101867,1,1,0,0,11
101868,1,2,0,0,14
101870,1,1,0,0,8
101873,1,1,0,0,8
101876,1,2,0,0,6
101878,0,1,0,0,6
101881,0,1,0,0,7
101883,1,2,0,0,7
101884,0,2,0,0,6
101885,2,3,0,0,15
101886,1,1,0,0,7
101887,0,1,0,0,6
101888,0,0,0,0,5
101889,0,1,0,0,11
101890,0,2,0,0,10
101891,1,1,0,0,8
101892,1,1,0,0,9
101894,0,1,0,0,8
101895,1,1,0,0,8
101896,1,0,0,0,8
101898,0,1,0,0,12
101899,1,0,0,0,6
101900,1,0,0,0,6
101901,3,1,0,0,11
101902,2,1,0,0,9
101903,2,0,0,0,7
101904,1,0,0,0,5
101907,3,1,0,0,7
101909,2,0,0,0,7
101910,2,0,0,0,6
101911,2,0,0,0,6
101912,2,1,0,0,11
101919,4,1,1,0,5
101921,5,1,2,1,5
101925,5,3,4,0,9
101926,7,3,3,0,8
101930,5,2,2,1,8
101932,7,2,2,0,10
101933,10,7,3,1,17
101935,9,5,3,0,12
101936,6,3,2,0,9
101941,6,2,1,0,11
101942,8,5,3,0,12
101945,5,3,2,0,6
101947,5,4,2,1,5
101948,7,4,2,0,10
101950,5,3,2,0,7
101952,7,4,2,0,10
101955,5,4,2,0,11
101962,8,2,1,0,13
101964,3,1,0,0,10
101965,4,2,1,0,8
101972,6,1,0,0,12
101991,3,2,1,0,7
101992,3,0,0,0,6
101995,3,1,0,0,7
102002,5,1,0,0,9
102004,3,1,0,0,8
102006,5,4,1,0,7
102008,3,1,0,0,6
102020,4,2,2,0,7
102022,3,1,0,0,8
102024,5,1,0,0,9
102061,7,6,3,0,9
102062,8,7,3,0,10
102063,12,9,5,0,14
102064,7,6,3,0,11
102065,12,12,6,1,14
102066,5,5,3,0,6
102067,6,6,4,0,6
102069,8,7,5,0,12
102070,6,6,3,0,12
102071,4,4,3,0,8
102072,8,7,4,0,8
102073,13,9,5,1,14
102074,3,1,0,0,12
102075,9,7,4,0,11
102076,9,8,5,0,12
102077,4,0,0,1,15
102078,7,7,5,0,7
102079,10,7,3,0,14
102080,6,6,3,0,6
102081,13,11,7,0,15
102082,11,6,4,5,27
102083,5,5,4,0,5
102084,4,4,2,0,7
102085,14,12,9,0,18
102087,9,7,3,0,17
102088,7,0,1,2,23
102089,2,0,1,0,7
102090,12,10,6,0,14
102091,2,0,1,0,11
102092,3,0,1,0,7
102093,7,4,2,3,24
102094,13,10,4,2,19
102095,2,0,1,0,11
102096,8,5,3,0,14
102097,20,14,12,3,27
102098,9,4,2,5,24
102099,5,1,1,4,14
102100,5,4,3,1,7
102101,5,2,0,4,14
102102,11,7,2,4,18
102103,16,17,6,9,33
102104,12,9,7,2,14
102105,17,14,8,6,30
102106,9,7,2,12,24
102107,13,9,4,6,21
102108,14,15,8,4,23
102109,16,5,7,4,21
102111,12,11,7,0,16
102112,12,5,7,0,17
102113,20,16,9,8,31
102114,12,11,7,1,18
102115,15,17,8,5,21
102116,16,12,7,1,19
102117,13,5,9,0,20
102118,14,10,7,3,20
102119,7,5,1,3,8
102120,17,6,9,8,28
102122,1,4,1,0,8
102124,5,9,3,0,14
102125,2,2,1,0,10
102126,3,3,1,0,11
102127,2,3,3,0,12
102128,3,1,0,0,9
102131,2,3,1,0,12
102132,1,2,0,0,6
102133,1,2,0,0,7
102134,1,2,0,0,8
102135,2,3,1,0,9
102136,2,2,1,0,13
102137,1,3,0,0,7
102138,1,1,0,0,10
102140,2,3,0,0,10
102142,3,2,0,0,9
102146,1,2,0,0,11
102147,3,0,0,0,7
102148,1,1,0,0,6
102149,0,0,0,0,7
102151,1,1,0,0,8
102152,0,0,0,0,5
102155,1,5,0,0,12
102157,4,3,0,0,12
102158,1,1,0,0,8
102159,2,1,0,0,9
102160,2,2,0,0,12
102162,2,2,0,0,10
102163,0,2,0,0,8
102164,1,5,1,0,14
102165,1,1,0,0,6
102166,2,2,0,0,9
102168,1,2,0,0,9
102169,1,4,0,0,14
102170,3,6,1,0,17
102171,2,5,0,0,13
102172,0,1,0,0,7
102173,1,4,0,0,8
102175,0,0,0,0,6
102177,4,6,0,0,15
102178,2,2,0,0,10
102179,1,5,0,0,14
102183,1,2,0,0,9
102185,0,3,0,0,12
102186,1,1,0,0,7
102189,2,0,0,0,7
102191,3,5,0,0,14
102193,0,2,0,0,7
102195,2,2,0,0,8
102197,0,1,0,0,6
102198,3,1,0,0,10
102200,2,3,0,0,8
102202,2,3,0,0,9
102203,1,2,0,0,9
102205,3,4,0,0,17
102206,0,2,0,0,8
102207,0,3,1,0,9
102208,2,5,0,0,12
102211,0,1,0,0,6
102212,0,2,0,0,6
102213,4,6,0,0,16
102214,2,2,1,0,9
102215,0,0,0,0,6
102217,1,4,0,0,10
102221,1,3,0,0,10
102222,3,6,0,0,13
102223,2,3,0,0,10
102224,0,1,0,0,6
102225,3,6,0,0,13
102226,1,2,0,0,6
102227,1,4,0,0,13
102228,1,3,0,0,7
102229,0,2,0,0,6
102231,2,3,0,0,15
102232,1,3,0,0,6
102238,1,2,0,0,8
102239,1,3,0,0,7
102244,1,4,0,0,9
102247,0,2,0,0,7
102249,1,2,0,0,8
102251,0,0,0,0,6
102252,1,5,1,0,11
102253,0,1,0,0,6
102259,2,1,0,0,7
102264,0,1,0,0,7
102278,1,1,0,0,6
102279,2,1,0,0,6
102280,4,0,0,0,8
102282,2,1,0,0,6
102285,3,0,0,0,6
102286,3,0,0,0,8
102287,3,0,0,0,5
102291,4,2,0,0,5
102292,5,4,3,0,7
102307,3,2,1,0,8
102324,8,4,4,0,16
102341,4,4,2,0,6
102345,5,4,2,0,10
102346,5,5,3,0,7
102347,5,4,2,0,8
102348,8,7,5,0,10
102349,10,9,6,0,13
102350,10,7,5,0,13
102351,9,9,7,0,14
102352,6,6,3,0,10
102353,5,5,4,0,8
102354,5,3,2,0,8
102355,10,9,4,0,13
102356,12,9,6,0,14
102357,12,8,6,2,21
102358,11,7,5,0,16
102359,16,10,3,11,30
102360,12,9,6,1,17
102361,12,9,6,0,15
102362,14,13,7,1,19
102364,5,5,3,0,5
102365,10,7,4,0,15
102367,13,10,7,1,16
102368,6,4,5,0,8
102369,7,7,3,1,9
102370,11,11,7,0,14
102371,10,8,6,0,16
102373,4,2,1,0,9
102374,3,3,1,0,6
102375,10,7,5,1,23
102376,7,7,3,0,8
102378,5,5,3,0,5
102379,15,10,7,1,27
102380,9,8,5,0,9
102381,6,4,3,0,7
102382,15,15,8,0,24
102384,16,13,10,0,32
102385,13,11,9,1,21
102386,9,7,3,1,21
102387,4,2,2,8,16
102388,6,3,1,3,9
102389,11,9,6,3,18
102390,9,9,3,4,13
102391,7,6,2,1,10
102392,3,2,3,0,6
102393,6,6,2,0,8
102394,7,3,4,1,9
102395,13,10,3,3,16
102396,7,7,2,0,7
102397,12,7,4,1,17
102398,14,11,8,0,16
102399,7,2,1,0,7
102400,18,15,9,0,19
102401,8,7,5,1,13
102403,12,8,4,3,17
102404,10,5,4,2,13
102405,12,7,7,3,20
102406,12,11,6,4,19
102407,9,4,3,2,12
102408,4,0,3,0,9
102409,4,8,3,0,14
102410,1,5,1,0,9
102411,2,5,1,0,8
102412,4,7,2,0,12
102417,3,1,0,0,9
102418,1,6,1,0,10
102419,3,7,1,0,12
102422,3,5,1,0,10
102423,2,3,0,0,9
102424,2,4,1,0,11
102426,7,14,3,0,19
102427,1,3,0,0,7
102428,5,9,2,0,16
102429,2,3,0,0,9
102432,3,7,2,0,12
102433,2,2,0,0,7
102434,2,2,0,0,9
102435,0,2,0,0,6
102436,3,4,1,0,11
102437,5,9,2,0,15
102438,1,4,0,0,9
102440,2,1,0,0,8
102441,2,0,0,0,8
102442,5,8,2,0,14
102446,0,4,0,0,9
102447,2,3,0,0,9
102448,4,10,2,0,12
102449,3,3,0,0,11
102450,3,2,0,0,9
102451,3,6,1,0,15
102452,1,4,0,0,9
102453,5,11,4,0,16
102454,2,7,2,0,14
102457,2,4,1,0,10
102460,2,2,0,0,9
102461,1,1,0,0,6
102462,1,2,1,0,7
102463,3,1,0,0,10
102464,1,2,0,0,6
102467,0,4,0,0,8
102468,1,3,0,0,7
102469,1,3,1,0,6
102470,3,1,0,0,13
102471,1,2,0,0,9
102472,0,1,0,0,9
102474,2,4,0,0,10
102475,2,3,0,0,11
102476,1,3,0,0,9
102477,1,2,0,0,11
102479,0,2,1,0,7
102480,0,1,0,0,5
102481,2,2,0,0,12
102482,3,5,1,0,12
102484,2,2,0,0,10
102486,4,7,1,0,18
102487,4,3,0,0,15
102488,1,4,0,0,15
102490,2,2,0,0,9
102491,4,4,1,0,12
102492,2,6,1,0,17
102493,2,5,1,0,14
102494,0,1,0,0,5
102495,1,3,0,0,9
102496,2,2,1,0,8
102499,2,2,0,0,10
102500,2,4,1,0,11
102501,0,3,0,0,10
102502,1,3,0,0,11
102503,2,3,0,0,7
102505,2,2,0,0,10
102506,0,1,0,0,6
102507,1,4,0,0,11
102508,2,5,1,0,8
102509,0,2,0,0,7
102510,2,4,0,0,14
102511,4,6,1,0,10
102515,2,0,0,0,7
102519,3,2,0,0,9
102520,3,2,0,0,10
102521,2,2,0,0,8
102522,1,0,0,0,6
102530,1,4,0,0,14
102531,4,2,0,0,9
102534,2,2,0,0,9
102535,2,0,0,0,5
102536,1,5,1,0,12
102539,4,5,1,0,13
102540,1,2,0,0,7
102545,2,1,0,0,8
102548,0,1,0,0,8
102550,3,1,0,0,8
102551,4,2,1,0,7
102553,4,2,0,0,11
102554,5,4,1,0,8
102555,2,2,0,0,8
102556,4,1,0,0,7
102557,3,1,0,0,8
102558,4,0,0,0,6
102561,4,2,1,0,7
102572,6,5,4,0,9
102574,4,3,2,0,7
102577,4,3,2,0,6
102578,7,5,2,0,10
102580,5,3,3,0,8
102582,5,4,3,0,10
102585,5,4,3,0,8
102589,5,4,3,0,9
102590,6,4,3,0,8
102595,2,1,1,0,6
102599,4,2,2,0,6
102606,4,2,2,0,5
102608,8,6,5,0,11
102611,3,3,2,0,6
102615,5,4,2,0,7
102616,11,8,4,0,14
102617,7,5,4,0,8
102618,7,7,4,0,7
102619,10,9,5,0,11
102620,4,3,2,0,8
102621,10,8,6,1,11
102622,9,8,4,0,11
102624,6,6,5,0,6
102625,6,5,4,0,9
102626,8,7,4,0,8
102628,7,6,4,0,10
102629,13,11,8,1,18
102630,4,3,2,0,8
102632,9,8,3,1,12
102633,4,4,3,0,7
102634,9,8,4,0,11
102635,6,6,4,1,6
102636,7,6,4,0,7
102638,19,15,9,1,22
102639,7,7,4,1,7
102640,6,6,4,1,7
102641,6,6,4,1,6
102643,7,7,4,1,7
102644,14,11,7,1,22
102645,9,9,7,0,18
102646,8,9,5,0,13
102647,14,14,9,1,21
102648,11,10,8,1,20
102650,13,12,8,1,17
102651,10,8,7,2,17
102652,14,14,8,1,21
102653,8,9,6,0,10
102654,10,6,3,4,24
102655,11,10,6,1,14
102656,19,14,9,5,28
102657,8,9,7,0,11
102658,20,17,8,6,33
102659,19,15,8,10,42
102661,18,15,9,6,32
102662,10,9,7,0,10
102663,14,11,4,7,24
102664,15,13,7,3,28
102665,18,16,10,3,27
102666,9,8,5,2,14
102667,8,5,5,0,11
102668,12,12,8,2,23
102669,7,7,3,1,9
102670,21,17,11,7,33
102671,19,13,8,6,30
102672,17,10,7,1,21
102673,12,10,6,3,22
102674,16,11,5,5,23
102675,14,11,7,2,25
102677,24,15,10,8,42
102678,9,6,2,0,11
102679,5,4,6,0,10
102680,17,13,10,0,24
102681,11,8,3,3,18
102682,12,8,5,3,18
102683,13,11,7,1,17
102684,8,4,4,2,21
102685,8,3,4,0,17
102687,6,2,3,1,11
102688,4,1,1,1,6
102691,16,14,9,4,20
102693,15,8,5,2,18
102694,2,1,2,0,5
102695,6,11,2,2,18
102696,4,8,5,0,13
102697,4,6,3,0,8
102699,5,10,3,0,14
102702,6,9,2,0,17
102703,1,4,0,0,7
102704,3,4,1,0,6
102705,5,10,1,0,15
102706,1,3,0,0,7
102707,4,5,2,0,11
102710,2,4,0,0,9
102711,6,15,5,0,18
102712,2,5,0,0,6
102714,2,6,0,1,10
102715,1,6,2,0,11
102716,2,4,0,0,10
102717,4,10,4,0,19
102720,3,5,0,0,12
102721,2,6,2,0,10
102724,4,5,1,0,11
102725,7,13,3,0,16
102726,6,6,1,0,13
102727,2,8,3,0,12
102728,3,8,3,0,10
102730,3,10,4,0,16
102731,4,7,1,0,16
102732,5,8,2,0,12
102736,6,11,2,0,18
102737,4,6,2,0,14
102738,3,10,3,0,15
102739,2,6,0,1,11
102740,2,2,0,0,9
102741,2,3,0,0,7
102742,1,3,0,0,8
102743,3,4,1,0,12
102744,2,8,3,0,10
102745,2,7,2,0,9
102749,3,6,0,0,11
102750,5,12,3,0,15
102751,5,5,2,0,14
102752,2,2,0,1,7
102753,1,6,2,0,8
102754,2,9,3,0,12
102755,5,9,5,0,18
102758,2,2,0,0,8
102759,2,4,1,0,11
102760,3,8,2,0,14
102761,4,6,3,0,11
102763,1,1,0,0,6
102764,6,12,3,1,22
102765,1,5,0,0,11
102766,4,6,2,0,13
102767,1,3,0,0,9
102769,2,4,1,0,11
102770,1,2,1,0,7
102771,1,4,0,0,7
102772,2,2,0,0,6
102773,3,8,1,0,15
102775,1,3,1,0,8
102776,9,8,2,0,21
102777,4,4,0,0,14
102778,0,1,0,0,6
102779,3,5,1,0,14
102780,2,7,1,0,17
102781,4,10,1,0,21
102783,3,3,0,0,12
102784,3,6,1,0,7
102785,4,8,1,0,12
102787,5,5,1,0,15
102788,2,5,2,0,12
102789,0,1,0,0,6
102790,1,4,0,0,6
102791,4,7,1,0,15
102792,6,12,2,2,22
102794,6,14,3,0,20
102795,2,4,1,0,6
102796,3,8,2,0,15
102798,0,1,0,0,6
102799,3,1,0,0,8
102800,3,5,1,0,8
102802,4,3,0,0,15
102804,4,8,1,0,19
102805,2,5,0,0,12
102806,1,5,1,0,12
102809,4,6,1,0,6
102810,5,9,2,1,17
102811,2,5,1,0,9
102813,0,3,0,0,7
102814,0,3,0,0,6
102815,0,4,1,0,10
102816,2,2,0,0,6
102817,4,3,1,0,12
102818,3,1,0,0,7
102819,3,1,0,0,10
102822,4,2,0,0,11
102824,1,3,0,0,6
102827,3,2,1,0,8
102828,2,0,0,0,5
102830,4,2,0,0,10
102831,4,4,2,0,9
102833,5,4,2,0,11
102834,3,3,1,0,13
102835,4,5,1,0,11
102836,4,3,1,0,11
102837,7,0,0,0,10
102846,5,4,3,0,5
102847,5,4,3,0,6
102848,6,4,3,0,7
102851,7,5,4,1,8
102852,5,4,3,0,8
102854,7,5,3,0,9
102856,4,3,3,0,5
102857,7,6,3,0,8
102860,4,3,3,0,5
102861,6,5,4,0,6
102864,5,3,3,0,8
102867,6,4,3,0,8
102869,6,4,3,0,13
102870,5,4,3,0,5
102872,5,3,2,0,8
102888,5,4,2,0,5
102891,3,2,1,0,5
102893,1,0,1,0,7
102895,11,8,6,0,11
102899,5,3,2,0,5
102903,7,6,3,1,13
102905,3,3,1,0,7
102908,9,8,6,0,10
102909,3,3,2,0,6
102910,8,7,5,0,11
102911,5,5,4,0,5
102913,13,12,7,1,16
102914,9,8,5,0,10
102918,8,5,3,0,8
102920,7,8,5,1,8
102922,8,7,3,1,8
102924,10,10,7,1,10
102925,11,11,8,1,11
102928,6,6,4,1,6
102929,6,6,4,1,6
102932,14,14,9,1,15
102933,9,9,5,0,10
102934,15,15,7,1,18
102935,6,6,2,1,6
102936,11,13,6,0,16
102937,10,10,7,0,10
102938,19,13,7,7,29
102939,12,12,7,0,12
102940,16,12,7,0,22
102941,7,3,3,0,9
102942,12,11,7,1,13
102943,8,8,6,0,11
102944,13,13,6,0,19
102946,19,15,9,2,27
102947,12,7,6,0,17
102948,11,10,8,1,19
102949,17,13,9,0,23
102950,7,1,4,0,15
102951,9,7,6,0,15
102952,9,0,7,0,16
102953,14,8,4,5,21
102954,14,7,9,0,22
102956,12,10,7,0,22
102957,9,6,3,6,19
102958,17,7,9,1,28
102959,6,4,5,1,18
102960,8,5,4,1,14
102963,11,4,7,0,17
102964,7,2,5,0,16
102968,12,7,7,0,20
102969,18,8,10,1,26
102970,18,12,9,10,38
102971,6,3,5,0,15
102973,3,4,3,0,11
102975,2,0,2,0,5
102976,9,19,7,0,21
102979,12,19,6,1,24
102980,7,14,4,1,15
102981,13,23,7,1,30
102983,11,22,5,3,24
102984,14,24,4,5,31
102987,10,15,3,1,22
102988,7,14,4,1,17
102990,6,12,4,1,14
102991,4,9,3,0,13
102992,3,8,5,0,10
102993,8,15,4,4,23
102994,14,21,6,3,28
102996,5,11,2,0,11
102997,12,19,4,3,25
102999,9,17,6,2,21
103000,10,15,4,1,18
103003,14,20,6,4,25
103004,8,16,3,3,18
103006,5,13,5,0,15
103007,5,10,2,1,13
103008,5,12,5,0,15
103009,4,9,2,0,14
103010,4,8,2,0,13
103012,6,15,3,1,20
103013,5,10,3,0,11
103015,7,9,3,0,15
103016,8,15,5,1,18
103017,12,19,8,3,25
103018,3,7,2,0,10
103019,1,7,2,0,9
103021,9,10,4,1,21
103022,6,12,3,1,15
103023,7,12,2,1,18
103024,10,10,2,0,16
103027,7,11,4,2,14
103028,6,12,4,1,13
103029,10,13,4,2,22
103030,2,6,3,0,10
103031,4,8,3,2,12
103032,5,10,3,0,14
103033,6,10,3,2,14
103034,3,7,3,0,9
103035,1,4,0,0,7
103036,3,8,3,0,14
103037,6,10,3,0,16
103038,9,18,4,2,24
103039,3,7,3,0,13
103041,1,3,1,0,9
103042,1,4,2,0,7
103043,10,17,4,3,23
103044,6,8,2,1,14
103045,8,15,4,2,17
103046,3,6,1,0,11
103048,4,8,2,0,16
103049,5,9,3,0,14
103051,5,13,3,0,16
103052,5,13,3,0,19
103053,2,7,2,0,7
103054,5,9,2,2,13
103055,4,9,2,0,10
103056,3,6,2,0,12
103057,2,1,0,0,9
103060,3,9,2,0,13
103061,3,8,2,0,10
103063,1,6,2,0,11
103064,6,11,6,1,12
103065,7,3,0,0,13
103066,4,11,4,0,13
103067,4,9,3,1,16
103070,3,3,1,0,6
103072,7,11,4,2,19
103073,4,7,2,0,11
103074,5,5,1,0,13
103075,3,10,3,0,10
103076,5,7,2,0,15
103077,2,3,0,0,9
103078,4,7,3,0,11
103079,3,4,1,0,14
103080,6,10,5,0,16
103083,8,9,4,0,17
103084,3,5,2,0,12
103085,1,2,0,0,11
103086,2,4,1,0,10
103087,4,9,3,0,19
103088,6,12,5,0,17
103089,4,6,2,0,14
103093,1,1,0,0,7
103096,3,6,1,0,14
103097,2,3,1,0,9
103098,7,6,3,1,14
103099,5,7,2,0,17
103100,1,1,0,0,7
103101,4,7,1,0,22
103102,4,5,1,0,13
103103,1,5,1,0,8
103104,2,6,1,0,11
103106,5,5,1,0,16
103107,4,7,2,1,10
103108,1,4,1,0,11
103109,1,3,0,0,10
103110,2,2,0,0,9
103111,2,5,2,0,6
103112,4,9,3,0,15
103113,3,5,2,0,11
103114,3,3,1,0,12
103115,3,3,2,0,10
103116,1,5,0,0,11
103117,5,6,0,0,16
103118,3,6,1,0,12
103119,3,7,2,1,9
103121,4,9,1,1,12
103122,2,7,4,0,7
103123,7,16,4,0,22
103124,3,10,1,0,19
103125,1,5,0,0,11
103126,9,16,4,1,18
103127,6,10,3,2,15
103128,3,7,2,0,14
103129,6,5,1,0,16
103130,2,5,1,0,16
103131,3,1,0,0,10
103133,4,6,1,0,16
103134,3,6,1,0,15
103135,3,4,1,0,13
103136,3,5,1,0,7
103137,3,5,1,0,9
103139,3,5,1,0,14
103140,4,1,0,0,8
103141,6,10,3,0,22
103143,3,6,2,0,17
103145,3,5,2,0,10
103146,3,4,1,0,11
103147,3,4,1,0,6
103148,5,6,2,0,10
103149,5,4,2,0,12
103150,4,6,2,0,11
103152,3,1,0,0,8
103153,4,5,3,0,12
103155,7,6,3,0,20
103156,4,2,0,0,10
103157,6,2,1,0,14
103158,3,1,0,0,8
103159,6,4,2,0,11
103160,1,0,0,0,6
103161,4,0,0,0,10
103162,6,2,1,0,14
103164,4,0,0,0,6
103166,7,2,3,0,12
103167,4,1,0,0,8
103168,6,2,2,0,10
103169,6,2,4,0,9
103170,4,2,2,0,11
103172,6,2,2,0,7
103174,4,2,2,0,8
103176,6,5,3,0,9
103179,6,4,4,0,6
103180,6,5,4,0,7
103181,5,4,3,0,5
103182,6,5,3,0,7
103183,6,5,3,1,11
103184,4,3,2,0,6
103185,5,5,3,0,8
103187,5,3,2,0,5
103188,7,7,4,0,8
103189,5,4,3,0,5
103193,6,5,4,0,8
103194,5,4,4,0,5
103197,5,4,4,0,5
103198,5,5,3,0,5
103200,5,4,4,0,5
103203,3,2,2,0,5
103205,6,7,4,0,8
103206,5,3,3,0,7
103208,6,5,3,0,7
103209,7,6,4,0,9
103213,7,6,3,0,10
103215,7,6,4,0,7
103216,8,7,4,0,10
103217,6,4,2,0,7
103229,3,2,1,0,5
103232,9,6,4,0,15
103233,5,4,3,0,5
103236,4,4,2,0,5
103238,7,6,3,0,8
103242,6,5,4,0,7
103245,5,6,3,0,8
103250,9,6,5,0,13
103252,9,9,5,0,11
103254,4,3,3,0,5
103261,7,5,3,0,7
103264,7,6,4,0,8
103266,6,6,3,0,7
103269,5,5,4,0,6
103273,13,11,6,0,16
103277,12,9,6,0,13
103282,5,5,2,0,9
103285,11,8,4,1,14
103289,13,9,6,1,17
103295,9,7,4,0,13
103296,5,1,1,0,7
103297,9,8,5,0,11
103300,11,8,5,0,14
103302,12,10,5,1,14
103304,8,7,4,0,8
103305,9,7,6,0,10
103307,16,13,8,0,18
103308,11,10,6,1,13
103310,15,13,10,0,19
103311,8,7,4,0,11
103315,16,13,8,0,19
103317,6,6,3,1,9
103319,3,3,2,0,6
103320,8,7,4,0,9
103321,19,14,10,0,21
103323,8,7,6,0,8
103325,7,7,4,0,10
103327,15,14,11,0,21
103328,10,9,5,1,14
103329,13,12,9,0,21
103331,14,12,9,0,21
103334,9,8,6,0,9
103335,7,6,3,1,9
103337,3,3,2,0,10
103339,7,7,3,1,7
103340,4,2,2,0,9
103341,12,12,8,1,14
103342,5,3,2,0,11
103343,4,4,3,0,8
103346,6,5,5,0,11
103348,12,12,6,0,17
103349,7,7,5,1,7
103351,6,6,4,1,6
103352,12,9,3,1,20
103353,5,4,2,0,10
103354,6,9,5,0,13
103355,5,5,2,0,11
103356,17,13,8,0,27
103357,20,11,7,4,29
103358,15,7,7,9,40
103360,14,11,8,1,22
103361,12,7,6,1,24
103362,5,1,4,0,14
103363,11,8,6,3,25
103364,9,7,6,0,16
103365,15,13,8,1,22
103366,16,4,9,0,30
103367,16,13,7,0,24
103368,8,2,4,4,19
103369,10,3,6,1,19
103371,10,4,5,0,17
103372,15,7,6,8,27
103373,9,2,4,0,19
103375,8,2,8,2,24
103376,15,10,5,1,24
103377,14,3,8,0,21
103379,5,1,5,0,8
103380,8,3,5,1,16
103382,7,1,3,1,11
103383,4,1,5,0,9
103384,10,4,7,0,21
103385,4,1,3,0,9
103386,8,2,4,2,19
103388,13,7,10,0,29
103390,9,3,5,1,19
103391,8,3,7,0,14
103392,11,18,4,3,21
103393,13,22,4,3,27
103395,10,19,7,1,20
103396,12,19,4,5,23
103397,15,25,6,3,28
103400,13,20,4,5,25
103401,18,27,5,5,30
103403,11,21,3,5,29
103405,13,19,8,1,21
103406,6,14,3,3,18
103407,16,26,5,6,30
103408,7,13,4,2,16
103410,6,11,4,0,12
103411,9,15,4,2,17
103414,17,26,7,3,30
103415,8,14,3,3,21
103416,9,12,5,1,22
103417,7,18,3,1,20
103418,17,25,9,3,31
103419,12,21,6,5,23
103420,10,16,5,3,22
103421,8,11,3,2,18
103422,5,9,5,1,11
103423,12,18,4,4,26
103424,13,21,5,4,26
103425,9,13,4,0,16
103426,11,22,4,5,25
103427,12,16,3,4,23
103428,12,17,5,3,27
103429,7,12,3,3,17
103430,9,15,6,2,18
103431,10,14,6,0,17
103432,4,10,1,1,11
103436,1,2,0,0,8
103437,14,19,5,2,31
103440,6,10,2,0,12
103441,4,7,1,0,10
103442,5,8,2,0,13
103445,3,9,1,0,12
103446,7,14,3,0,21
103447,9,18,5,1,23
103448,8,17,4,2,20
103449,3,7,4,0,10
103450,6,8,3,1,11
103452,3,9,2,0,10
103453,6,12,3,1,13
103454,8,15,4,3,15
103455,4,10,1,1,13
103458,4,6,0,2,10
103459,4,7,1,1,11
103460,6,11,3,1,12
103461,2,8,3,0,8
103462,7,11,3,2,15
103463,9,16,6,0,19
103464,11,16,5,1,24
103465,10,18,5,2,21
103467,3,5,0,1,8
103468,4,8,1,1,12
103469,2,9,1,1,11
103472,7,14,7,0,15
103473,9,12,3,1,16
103474,9,11,3,1,18
103475,6,12,4,0,14
103476,9,15,2,2,20
103477,3,5,1,0,8
103478,6,13,2,1,16
103481,8,17,7,1,19
103482,7,12,4,0,18
103483,6,11,2,3,16
103484,7,10,1,3,13
103486,2,6,0,0,12
103489,5,9,1,2,17
103490,6,10,1,1,17
103491,6,14,3,1,16
103492,7,8,3,0,16
103493,2,3,0,0,10
103494,6,6,2,0,13
103495,5,2,0,0,6
103496,5,6,2,0,10
103497,6,4,1,0,13
103498,9,5,3,0,21
103499,7,8,4,0,14
103500,6,6,2,0,12
103501,5,7,3,1,14
103502,5,6,3,0,11
103503,5,4,2,0,10
103504,5,3,1,0,14
103505,8,2,1,0,16
103506,4,0,0,0,11
103508,5,0,0,0,12
103510,3,0,0,0,9
103511,6,2,1,0,13
103512,4,0,0,0,5
103513,6,2,3,0,9
103514,8,4,3,0,12
103516,6,3,3,0,11
103517,8,6,4,0,13
103518,9,5,4,1,13
103520,7,3,3,0,8
103521,10,6,4,1,12
103522,4,4,3,0,5
103523,5,4,3,0,5
103524,9,6,4,0,10
103528,6,4,3,0,7
103529,5,5,3,0,5
103531,10,6,3,0,17
103532,8,8,5,0,15
103534,7,5,4,0,8
103535,9,5,3,0,11
103536,5,4,3,0,6
103537,6,6,3,0,11
103540,8,5,3,1,9
103543,16,14,9,0,22
103546,9,8,5,0,11
103548,6,5,3,0,6
103549,8,8,5,0,12
103553,6,5,4,0,6
103558,12,11,6,0,14
103559,10,8,4,0,10
103562,12,9,4,0,14
103565,5,4,4,0,5
103567,7,6,5,0,8
103570,8,6,4,0,8
103571,12,11,7,0,16
103573,8,7,3,0,9
103574,7,7,4,1,11
103578,12,10,6,0,17
103580,20,18,10,1,27
103582,10,10,5,0,13
103583,13,13,10,0,22
103588,20,17,10,0,26
103590,11,12,6,1,19
103592,12,11,6,0,13
103595,14,11,10,0,16
103597,16,12,7,1,19
103598,16,14,11,0,24
103600,13,10,8,0,15
103601,18,16,9,1,27
103603,11,9,5,0,12
103605,16,11,9,5,28
103606,7,8,3,0,11
103607,6,0,1,0,8
103608,12,11,7,0,15
103609,8,7,6,0,10
103610,13,12,7,0,19
103612,18,17,9,2,29
103613,12,11,6,0,16
103614,11,9,6,0,11
103616,18,16,11,1,26
103617,14,12,8,0,18
103618,17,15,10,1,24
103619,17,14,8,0,31
103620,16,16,11,0,24
103621,15,13,7,0,22
103622,9,8,6,0,11
103623,11,9,5,0,11
103624,9,7,3,0,10
103625,15,13,7,0,18
103626,16,14,6,1,20
103627,8,8,6,0,9
103628,11,10,6,0,12
103629,17,14,12,1,28
103630,13,12,5,0,20
103632,12,9,6,0,13
103633,13,11,6,0,16
103634,3,1,1,0,15
103635,14,14,10,2,24
103636,4,2,2,0,13
103637,10,10,7,0,15
103638,17,11,7,3,25
103639,18,16,8,0,25
103640,12,6,9,0,19
103641,5,3,2,0,7
103643,16,13,9,0,24
103644,11,8,8,0,17
103645,10,5,3,4,24
103647,14,9,6,0,23
103648,9,4,4,0,14
103649,14,8,9,0,22
103650,13,8,6,0,22
103651,13,9,9,0,24
103652,18,12,10,2,31
103653,7,0,5,0,13
103654,5,2,3,3,25
103655,2,1,2,0,8
103656,2,0,3,1,12
103657,16,6,8,2,28
103659,5,1,4,0,17
103660,1,0,2,0,12
103661,4,2,3,0,17
103662,6,4,3,2,19
103663,3,2,4,0,7
103664,11,6,6,4,29
103665,16,7,5,7,26
103666,10,5,6,0,21
103667,5,3,4,4,15
103668,14,8,7,0,23
103669,10,5,5,0,24
103670,5,1,5,0,16
103671,11,5,10,0,21
103672,7,2,3,1,15
103673,9,0,5,0,14
103674,15,6,9,2,32
103675,2,1,2,2,7
103676,15,6,12,0,26
103677,3,1,3,0,7
103678,11,5,5,5,21
103679,2,0,2,0,5
103681,7,12,4,1,13
103684,12,16,5,2,23
103685,7,8,2,2,16
103686,13,24,4,3,28
103687,9,15,4,3,21
103688,11,22,5,2,28
103689,12,20,4,2,26
103690,13,24,7,5,25
103691,10,17,6,1,20
103694,15,21,7,3,26
103695,15,26,6,3,31
103696,14,22,6,4,24
103697,11,11,2,3,23
103698,12,17,4,3,19
103699,13,21,6,3,25
103701,11,15,5,3,21
103702,9,17,4,2,21
103705,11,19,6,2,22
103706,13,20,5,3,25
103707,10,17,3,3,22
103708,13,21,5,3,26
103709,7,12,3,2,16
103710,4,9,5,0,10
103711,13,23,6,2,27
103712,10,16,3,1,20
103713,7,15,3,1,16
103714,10,19,6,2,20
103715,9,16,5,1,20
103717,3,9,3,0,9
103718,13,21,4,4,26
103719,8,15,4,1,17
103722,7,11,3,0,13
103723,13,18,4,2,22
103724,10,15,4,3,20
103725,10,15,7,1,17
103726,6,13,2,3,13
103727,8,12,3,2,14
103728,6,13,4,0,17
103729,4,9,2,2,10
103730,3,6,1,0,6
103732,12,17,2,4,21
103733,8,14,4,2,16
103736,18,28,7,2,33
103737,8,14,4,2,17
103738,14,20,4,4,23
103739,13,21,5,2,25
103741,8,12,3,2,13
103742,4,4,1,0,10
103743,4,6,2,1,12
103744,3,3,1,0,9
103745,5,4,1,1,13
103746,2,7,3,0,8
103747,3,2,1,0,9
103748,5,6,2,0,12
103749,3,8,3,0,9
103750,5,7,4,0,11
103751,5,7,3,0,15
103752,5,6,3,0,15
103753,6,5,1,2,10
103754,6,7,2,1,13
103755,4,4,0,2,10
103756,6,5,4,0,13
103757,5,3,0,0,11
103758,9,4,1,0,19
103759,9,3,2,0,15
103760,3,1,0,0,9
103761,7,6,2,0,12
103762,8,5,2,0,16
103763,10,6,3,0,17
103765,8,4,2,0,14
103766,5,6,2,0,13
103768,7,2,1,0,24
103769,5,8,3,1,13
103770,4,3,1,0,10
103771,11,7,3,0,23
103772,16,6,4,0,23
103773,4,5,3,0,8
103775,7,2,1,0,15
103776,9,4,1,0,18
103780,6,3,4,0,6
103781,8,6,4,1,12
103782,12,10,6,1,15
103784,5,5,4,0,5
103786,5,4,3,0,8
103787,9,7,5,1,13
103788,8,7,3,0,13
103789,7,6,4,1,9
103791,11,9,7,0,13
103794,5,4,2,0,5
103795,12,11,6,0,18
103798,7,5,4,0,8
103799,12,12,7,0,20
103800,8,7,4,0,8
103801,10,9,7,0,10
103803,10,8,5,1,14
103804,10,7,4,0,13
103806,5,6,3,1,11
103807,9,7,2,2,17
103808,8,7,2,0,12
103811,5,5,4,1,7
103812,14,13,7,0,24
103814,13,11,6,0,19
103816,10,11,6,0,13
103817,18,17,7,1,25
103818,8,8,5,0,8
103820,7,8,5,0,10
103821,12,11,6,2,25
103823,19,14,10,2,30
103827,15,13,10,0,24
103828,13,14,8,0,23
103831,13,13,8,0,20
103832,13,12,10,0,26
103838,10,10,4,1,15
103842,14,15,5,4,24
103844,12,12,6,0,21
103848,11,9,5,0,21
103854,10,10,8,1,21
103856,17,17,7,3,25
103860,11,8,7,1,21
103861,9,10,6,0,12
103862,15,12,7,0,21
103863,17,13,10,0,26
103864,13,14,9,0,23
103865,17,15,11,0,26
103868,14,10,8,1,21
103870,12,13,5,1,20
103871,15,15,9,1,18
103872,12,12,5,1,15
103873,12,9,4,0,18
103874,10,10,6,0,12
103875,19,18,9,1,24
103876,7,6,2,0,14
103878,12,11,5,0,21
103880,16,16,10,0,22
103881,12,11,5,1,20
103883,17,17,9,1,23
103885,12,7,5,0,18
103886,6,2,3,0,13
103887,4,3,5,0,13
103888,4,1,6,0,17
103893,7,2,7,0,16
103894,11,5,7,0,22
103895,10,2,6,2,24
103896,3,1,2,0,10
103897,4,1,4,0,11
103898,10,7,5,3,18
103899,6,1,2,0,14
103900,6,1,6,1,22
103901,16,7,11,0,28
103902,7,1,7,0,20
103903,7,2,4,1,14
103904,4,2,2,0,7
103905,11,5,7,1,20
103906,3,0,2,0,6
103907,9,3,3,0,14
103909,1,0,0,0,6
103910,4,1,2,0,8
103911,10,9,6,1,24
103912,2,0,0,0,5
103913,6,1,3,0,10
103914,3,1,2,0,6
103915,2,0,3,0,9
103916,3,0,2,0,5
103917,3,0,2,1,7
103918,10,6,5,0,22
103919,10,10,8,0,21
103920,8,5,1,0,13
103922,7,13,3,1,15
103923,7,9,1,3,16
103924,14,22,7,2,26
103926,10,16,5,0,23
103927,8,16,2,1,20
103931,8,14,6,1,14
103932,12,15,3,3,21
103934,7,4,1,0,14
103935,9,8,2,0,17
103936,7,13,4,1,15
103938,6,10,4,1,12
103940,10,13,5,1,22
103941,9,11,6,1,15
103943,3,6,1,0,9
103944,12,9,4,1,20
103945,10,5,3,0,16
103946,4,5,2,0,14
103948,10,8,2,1,18
103949,16,8,5,0,23
103951,7,8,3,0,24
103953,11,9,3,0,34
103954,6,7,2,0,16
103955,8,5,2,0,16
103956,7,6,4,0,18
103957,4,6,2,0,12
103959,8,7,3,0,28
103960,9,7,3,0,19
103961,5,7,3,0,13
103962,6,2,1,0,12
103963,12,4,1,0,20
103965,10,2,2,0,19
103967,7,7,3,0,32
103969,8,2,1,0,30
103972,7,3,4,0,9
103974,5,2,3,0,5
103975,4,1,2,0,7
103977,12,11,5,0,13
103979,10,10,5,0,12
103980,14,13,7,0,22
103982,15,13,8,2,28
103985,12,14,6,1,21
103986,16,14,8,0,22
103987,8,9,5,0,14
103988,3,3,2,0,5
103989,7,8,5,0,8
103990,10,10,5,0,12
103991,15,14,8,1,24
103992,9,7,5,0,9
103993,12,9,6,1,20
103996,8,7,3,0,10
103998,9,11,6,0,19
104004,15,14,8,0,21
104006,11,10,4,0,18
104007,13,12,7,0,22
104008,15,11,6,0,21
104010,14,13,8,0,21
104012,18,16,8,1,27
104013,5,4,3,0,11
104014,15,13,8,0,26
104017,14,11,7,1,22
104020,10,11,5,0,16
104023,8,6,5,1,13
104024,6,4,1,1,10
104026,15,13,9,1,29
104028,12,10,5,0,20
104030,10,11,6,0,17
104032,17,16,10,1,25
104037,9,11,6,1,14
104038,12,10,4,1,25
104040,8,8,5,0,19
104042,13,13,6,1,22
104043,16,16,9,1,24
104044,8,7,6,0,19
104045,15,16,9,1,21
104046,13,12,6,1,19
104047,17,16,8,1,33
104048,9,12,7,0,16
104049,14,14,7,1,20
104050,9,6,3,0,17
104052,17,18,8,1,28
104053,6,5,2,0,6
104054,5,4,2,1,12
104057,12,12,6,0,16
104058,10,10,5,0,16
104060,8,11,6,0,16
104061,3,2,1,0,6
104062,8,5,2,0,13
104063,12,9,5,0,21
104064,9,4,5,0,15
104065,2,3,2,0,11
104066,15,12,6,0,24
104067,5,5,2,0,6
104068,2,0,1,0,6
104069,6,4,5,1,20
104070,5,6,3,0,9
104071,8,7,7,0,19
104072,6,4,3,0,10
104073,9,8,8,0,20
104075,11,6,6,0,20
104076,9,6,6,0,26
104077,3,0,1,0,6
104078,2,1,3,0,8
104079,1,1,3,0,11
104080,6,1,3,0,15
104081,7,4,5,0,15
104082,6,3,2,0,15
104084,2,0,2,0,6
104085,9,1,4,0,16
104087,10,5,5,0,17
104088,7,4,1,1,12
104089,13,8,2,8,22
104090,9,1,4,0,14
104091,8,5,2,3,12
104092,12,13,3,3,21
104093,16,16,10,1,28
104094,3,6,2,0,9
104096,5,2,3,0,10
104097,3,4,3,0,9
104098,4,1,2,0,5
104099,8,10,7,2,20
104100,2,3,1,0,6
104101,7,2,3,3,15
104102,6,7,2,0,14
104104,9,6,2,0,14
104106,9,5,3,0,16
104107,6,0,0,0,10
104108,6,2,1,0,11
104109,6,2,2,0,8
104110,11,12,6,0,19
104111,8,6,3,0,11
104112,16,18,9,1,25
104113,8,8,4,0,8
104114,16,14,8,0,20
104115,15,14,8,1,22
104118,13,14,6,1,18
104119,13,14,8,0,20
104120,6,6,2,0,11
104121,8,10,6,1,18
104122,10,10,5,1,17
104123,9,11,5,1,16
104128,11,10,5,0,15
104129,5,2,1,0,9
104131,5,6,5,1,15
104134,13,13,7,0,23
104139,12,11,7,0,22
104142,15,13,8,3,31
104145,13,12,7,0,21
104148,5,8,3,0,12
104149,19,14,6,1,29
104152,12,9,6,1,22
104153,15,13,8,2,26
104154,17,15,10,0,29
104155,17,16,9,0,25
104156,8,10,8,0,14
104157,14,15,9,1,24
104158,16,14,7,1,24
104160,14,13,7,1,25
104161,12,12,8,1,29
104162,12,14,6,1,17
104163,13,12,4,0,21
104164,16,18,9,1,27
104165,12,12,7,0,18
104167,11,12,5,1,18
104171,16,14,10,0,32
104173,12,11,6,1,22
104174,14,12,8,1,24
104176,14,12,10,0,20
104177,24,19,13,1,31
104178,11,12,6,0,15
104180,16,17,10,1,24
104182,6,5,2,1,8
104183,14,14,10,0,24
104184,16,17,8,1,24
104185,13,14,9,0,21
104187,14,14,10,0,27
104188,17,17,8,1,24
104190,14,14,10,0,26
104191,5,4,4,0,13
104192,7,6,3,0,8
104193,13,11,6,1,17
104195,11,11,6,0,11
104197,15,15,7,0,22
104198,14,10,8,0,20
104200,15,14,7,0,22
104202,12,13,6,0,18
104204,12,13,7,0,16
104205,10,10,7,0,11
104207,13,14,6,1,20
104208,10,8,6,0,11
104209,11,10,5,0,17
104210,12,13,8,1,14
104211,4,7,4,0,11
104212,8,1,6,1,16
104213,10,8,4,6,21
104214,9,3,5,0,19
104215,5,5,3,0,10
104216,9,7,4,1,16
104217,3,2,1,0,8
104218,11,11,5,3,21
104219,6,7,5,0,11
104220,9,8,3,1,17
104221,8,7,5,0,12
104222,11,12,6,1,20
104223,0,0,3,0,9
104224,5,2,4,0,11
104225,7,4,7,0,16
104226,13,11,8,2,21
104227,5,4,7,0,20
104229,4,3,1,0,12
104230,9,3,7,0,18
104231,8,6,6,0,15
104232,5,7,3,1,10
104234,1,1,2,0,17
104235,0,0,0,0,13
104236,1,0,0,0,7
104237,0,0,0,0,9
104238,0,2,1,0,15
104239,2,1,1,0,8
104240,2,3,1,1,15
104241,1,0,0,0,7
104243,1,1,2,0,15
104244,1,0,0,0,9
104245,1,1,0,0,12
104246,3,1,0,0,10
104247,1,0,0,0,6
104248,0,0,0,0,6
104249,0,1,0,0,9
104250,2,1,0,0,10
104251,1,0,0,0,5
104252,2,2,1,0,9
104253,1,1,0,0,12
104255,1,0,0,0,5
104256,1,2,1,1,9
104259,0,1,1,0,13
104260,1,1,0,0,14
104261,0,0,0,0,7
104262,1,1,1,0,13
104263,1,1,0,0,8
104264,0,0,0,0,12
104265,1,1,0,0,11
104266,1,0,0,0,15
104267,0,0,0,0,15
104268,0,0,0,0,9
104269,0,0,0,0,5
104272,0,0,1,0,12
104275,1,0,1,0,11
104276,1,2,0,0,12
104277,2,0,0,0,8
104278,1,0,0,0,6
104281,1,1,1,0,12
104283,0,0,0,0,8
104284,0,0,0,0,6
104285,0,0,0,0,5
104287,1,0,0,0,8
104289,0,0,0,0,6
104291,0,0,0,0,8
104293,13,8,5,1,26
104294,11,8,5,0,15
104295,7,5,3,0,10
104297,8,6,4,0,18
104298,7,4,2,0,18
104299,6,4,2,0,11
104300,6,6,3,0,6
104301,10,7,5,0,19
104302,8,5,4,0,17
104305,6,6,3,0,6
104308,3,2,2,0,10
104312,4,0,5,1,20
104313,5,3,2,0,13
104315,7,2,1,1,17
104318,11,10,5,0,14
104319,4,0,0,1,13
104326,7,2,1,1,21
104327,5,0,0,1,18
104335,8,6,4,0,14
104336,3,1,0,0,14
104344,7,7,4,0,9
104347,6,6,3,0,8
104348,2,1,1,0,7
104349,4,1,0,0,10
104350,3,0,0,0,14
104351,7,1,7,3,28
104352,12,9,4,0,17
104353,2,0,0,0,17
104354,6,2,1,0,18
104355,5,1,1,1,19
104356,1,0,1,0,13
104357,2,0,2,2,21
104358,7,5,3,0,10
104359,4,1,5,0,29
104360,3,0,0,0,9
104361,3,0,6,0,14
104362,7,2,1,0,20
104363,6,0,0,1,21
104366,3,0,0,0,14
104370,5,6,4,0,9
104371,9,5,4,0,17
104372,9,5,2,0,21
104373,3,1,1,0,11
104375,0,0,1,1,16
104377,5,1,1,1,16
104382,2,1,7,2,24
104383,0,0,3,0,12
104384,7,2,1,3,20
104389,3,0,0,0,17
104392,9,6,3,2,22
104397,4,3,1,0,12
104398,3,0,2,0,18
104399,7,3,1,0,17
104400,7,3,1,1,18
104401,4,3,2,0,10
104402,0,0,3,0,12
104403,5,5,2,0,5
104404,7,5,2,0,7
104405,11,8,7,0,26
104406,7,5,3,0,13
104408,3,1,0,0,13
104409,3,1,0,0,14
104414,8,6,3,0,16
104415,4,1,8,1,22
104418,3,0,3,2,16
104419,12,8,6,0,18
104470,0,0,0,0,7
104471,15,13,8,1,26
104472,19,15,7,1,31
104473,16,16,10,0,19
104474,20,17,10,0,29
104475,16,14,8,1,24
104476,1,0,0,0,13
104478,8,6,2,1,22
104479,6,6,3,0,8
104480,7,4,2,0,16
104482,3,0,2,0,19
104530,7,2,1,1,16
104531,5,2,10,0,23
104532,8,4,3,0,22
104533,5,0,0,1,15
104535,4,0,0,0,20
104536,6,2,3,0,19
104537,2,0,1,0,14
104538,6,3,2,3,21
104558,8,6,5,0,19
104559,5,5,3,0,5
104560,8,5,1,1,21
104561,18,15,7,1,31
104562,4,0,0,0,15
104563,0,0,1,0,13
104564,7,6,3,0,13
104565,5,4,2,1,11
104566,2,0,1,0,16
104567,4,0,3,4,22
104568,1,0,4,0,13
104570,1,0,6,1,21
104571,5,1,5,1,26
104572,0,0,2,0,11
104573,6,4,2,0,17
104574,8,5,2,0,21
104575,8,4,2,1,22
104579,7,5,2,0,19
104580,7,6,3,0,19
104581,2,0,0,0,12
104582,10,7,4,0,16
104583,3,0,2,0,19
104584,6,6,2,0,6
104585,1,0,0,0,7
104586,9,6,5,0,15
104587,5,3,1,0,14
104595,9,6,3,0,16
104597,6,5,3,0,8
104598,11,9,5,0,16
104599,2,0,3,1,15
104600,3,1,1,0,7
104602,0,0,0,0,9
104604,9,6,3,0,14
104605,7,4,3,0,22
104606,9,6,2,2,24
104607,5,2,3,0,22
104608,6,7,5,0,18
104609,6,9,5,3,28
104610,8,18,5,6,46
104611,7,9,5,3,28
104612,8,12,6,3,34
104613,7,8,3,4,26
104614,11,13,4,5,40
104615,5,4,4,0,16
104616,9,11,4,3,42
104617,8,16,5,0,42
104618,4,4,1,0,16
104619,6,10,3,2,26
104620,9,14,8,5,52
104623,8,7,3,2,28
104624,9,7,2,2,26
104625,6,11,4,3,28
104627,7,5,3,0,20
104628,7,11,4,2,28
104629,5,7,2,2,20
104630,5,4,2,2,18
104631,6,7,4,0,24
104632,1,5,0,5,20
104633,6,9,3,1,26
104634,10,11,4,2,34
104635,5,7,5,3,28
104636,6,11,4,0,30
104637,8,9,3,2,26
104638,7,10,4,2,30
104639,9,14,4,4,38
104642,13,22,4,13,37
104643,7,10,4,2,15
104644,8,9,4,0,15
104645,9,22,7,5,29
104646,10,19,6,5,26
104647,12,19,4,9,26
104648,9,18,4,7,30
104649,12,20,5,10,30
104650,12,13,3,4,21
104651,10,11,3,4,18
104652,8,7,2,0,17
104653,11,13,5,0,22
104654,12,15,4,4,21
104655,10,18,6,4,21
104656,6,14,5,3,20
104657,9,16,6,2,23
104658,6,6,2,0,11
104659,4,7,2,1,12
104660,15,19,7,4,26
104661,14,17,6,4,26
104662,16,21,8,3,31
104663,13,18,4,7,25
104664,16,23,6,10,33
104665,15,23,8,11,36
104666,14,23,8,11,36
104667,8,15,7,3,25
104668,8,14,3,3,21
104669,12,17,4,3,28
104672,16,16,9,10,38
104673,13,16,8,4,26
104676,9,9,6,1,19
104677,12,20,11,7,39
104681,8,12,3,2,17
104682,5,9,3,1,17
104683,12,20,8,6,35
104684,11,16,6,6,28
104688,10,19,7,8,36
104689,4,10,3,0,20
104690,5,12,7,2,23
104691,4,12,4,4,17
104692,6,14,9,0,26
104693,1,8,2,0,14
104694,6,17,8,4,24
104695,5,8,5,1,17
104696,5,13,6,1,19
104697,10,22,7,8,32
104698,8,19,2,15,36
104699,6,10,5,0,16
104700,11,21,5,8,33
104701,8,12,5,1,18
104702,7,11,4,0,15
104703,8,12,6,0,18
104704,14,24,5,10,32
104705,7,16,5,4,27
104706,17,22,10,10,39
104708,10,14,6,0,22
104710,4,9,2,3,14
104711,5,12,1,8,46
104712,12,16,3,5,46
104713,10,11,4,1,34
104714,10,12,4,1,34
104715,11,12,3,4,40
104716,10,18,7,8,56
104717,3,11,5,3,38
104718,9,12,4,2,38
104719,7,11,5,1,30
104720,9,9,2,4,34
104721,11,15,4,3,42
104723,14,16,5,4,46
104724,12,17,3,5,46
104725,13,17,5,3,50
104726,14,25,5,10,62
104727,6,9,4,1,26
104728,4,10,4,1,30
104729,10,12,4,2,34
104730,8,12,4,2,40
104732,9,5,6,2,36
104733,11,11,4,4,40
104734,9,15,6,4,50
104735,11,15,5,4,48
104736,10,13,5,2,38
104737,14,18,7,3,46
104738,9,8,4,1,32
104739,9,8,6,2,30
104740,8,12,4,6,49
104741,4,5,1,1,16
104742,15,17,5,4,50
104743,11,16,6,3,44
104744,11,11,3,3,38
104746,3,3,1,0,14
104747,4,9,3,0,26
104748,4,3,1,0,14
104749,9,10,6,2,31
104750,11,13,8,6,46
104751,2,7,0,2,22
104752,7,11,5,0,32
104753,9,8,5,1,22
104754,10,11,4,1,36
104755,11,16,6,4,42
104756,8,7,3,3,32
104757,5,9,2,4,36
104758,12,12,4,3,47
104759,14,21,6,3,52
104760,4,5,1,0,16
104761,11,10,6,3,30
104762,10,12,3,3,36
104763,4,10,1,3,32
104764,7,12,6,1,34
104765,6,9,2,3,34
104766,4,4,0,6,18
104767,13,18,5,6,50
104768,11,14,5,1,40
104769,10,15,3,3,36
104770,6,6,2,3,28
104771,8,7,3,4,34
104772,11,16,3,3,38
104773,14,21,5,5,58
104774,7,14,1,6,42
104775,4,4,1,0,21
104776,8,15,2,12,44
104777,8,14,6,1,40
104778,3,13,3,4,38
104780,5,5,1,2,24
104781,6,7,2,2,21
104782,9,8,2,3,28
104783,7,12,2,5,35
104784,4,14,0,12,48
104785,9,7,5,0,24
104786,10,10,4,2,32
104787,8,14,6,1,48
104788,9,14,4,5,49
104789,5,12,4,2,33
104790,9,11,3,2,34
104791,5,5,2,1,22
104792,7,5,1,2,20
104793,10,14,7,2,50
104794,9,14,5,0,41
104795,7,10,7,2,38
104796,7,6,5,0,12
104797,6,6,3,0,11
104798,10,8,5,0,16
104799,10,11,5,0,15
104800,6,6,2,1,7
104801,9,10,6,0,20
104802,18,15,9,1,26
104803,14,12,8,1,22
104804,13,10,7,1,20
104805,10,10,6,0,17
104806,10,9,6,1,18
104807,11,9,6,0,17
104808,8,7,5,0,17
104809,10,10,6,0,17
104810,13,10,7,0,24
104811,12,10,8,0,22
104812,12,13,6,0,20
104813,12,10,7,1,23
104814,14,12,7,1,27
104815,12,11,8,0,13
104816,13,12,9,1,22
104817,18,15,10,1,28
104818,15,12,7,1,19
104819,10,10,7,0,20
104820,11,9,6,0,21
104821,14,12,7,1,21
104822,8,7,4,1,15
104823,14,8,6,1,26
104824,13,12,7,1,21
104830,19,19,10,3,32
104831,20,19,12,0,26
104832,18,19,11,3,33
104833,6,6,4,0,12
104834,7,7,4,0,20
104835,5,4,3,0,11
104836,9,5,3,0,14
104837,8,5,3,0,13
104838,6,5,4,0,10
104839,6,5,3,0,7
104841,5,5,3,0,10
104842,8,8,5,0,13
104843,10,9,5,0,18
104844,10,7,7,0,18
104845,6,5,3,0,9
104847,9,6,4,0,15
104848,6,7,4,1,11
104849,5,8,5,0,10
104850,7,7,5,0,14
104851,6,5,3,0,10
104852,10,10,7,0,16
104853,5,5,3,0,8
104854,4,3,2,0,7
104855,6,6,3,0,10
104856,5,7,4,0,10
104857,5,7,5,0,11
104860,4,5,3,0,10
104861,5,5,4,0,8
104862,7,7,6,0,11
104863,7,2,3,0,10
104865,5,1,0,0,8
104866,6,1,1,0,11
104867,3,0,0,0,11
104869,5,1,1,0,7
104870,5,0,1,0,9
104871,5,4,2,0,9
104872,8,4,3,1,12
104874,6,3,2,0,9
104875,3,1,1,0,8
104879,6,1,3,0,8
104880,6,2,2,0,11
104881,7,3,1,0,10
104882,5,1,0,0,10
104883,4,1,0,0,9
104884,3,0,0,0,8
104885,3,1,0,0,7
104889,3,1,0,0,8
104890,5,1,1,0,8
104893,3,0,0,0,9
104900,7,5,4,0,8
104901,8,6,5,0,9
104902,4,2,2,0,8
104904,8,5,4,0,11
104905,7,5,3,0,10
104906,8,7,4,0,8
104907,7,6,5,0,7
104908,4,3,3,0,5
104909,6,5,4,0,6
104910,8,8,4,0,10
104911,9,6,4,0,14
104912,14,13,6,0,19
104913,8,6,4,0,12
104914,6,4,3,0,6
104915,13,12,7,0,17
104916,13,14,9,0,21
104917,14,15,8,1,20
104918,10,9,3,3,20
104919,11,11,6,0,19
104920,15,16,8,2,27
104921,13,13,8,0,20
104922,9,10,5,1,23
104923,11,11,6,0,21
104924,12,13,7,1,22
104925,17,14,9,3,29
104926,10,9,7,0,19
104927,8,7,4,1,11
104928,14,14,8,1,23
104929,17,15,8,1,29
104930,14,13,8,1,27
104931,10,11,7,0,19
104932,9,8,4,0,9
104933,9,7,4,0,20
104934,7,8,2,1,14
104941,9,0,4,2,11
104943,7,1,0,1,8
104944,7,0,0,1,7
104945,5,1,0,0,6
104946,5,0,0,0,7
104951,6,0,1,1,9
104952,13,0,5,0,16
104953,11,2,1,3,14
104954,18,4,8,2,28
104955,8,1,1,2,14
104956,8,1,1,2,11
104958,11,1,1,3,15
104959,5,0,1,0,8
104960,6,0,1,1,7
104961,6,1,1,1,10
104962,6,0,1,0,9
104963,4,0,1,0,6
104964,6,0,0,1,10
104965,10,0,1,2,15
104966,3,0,0,0,6
104967,4,0,1,0,8
104968,4,0,0,0,6
104969,4,0,0,0,7
104974,5,0,1,0,6
104975,6,1,1,0,8
104977,6,1,0,1,9
104979,5,0,0,0,6
104980,4,0,0,0,7
104982,5,0,1,0,8
104983,4,0,0,0,7
104986,5,0,0,0,7
104987,4,1,2,0,7
104988,4,1,0,0,7
104989,4,1,0,0,6
104991,3,1,3,0,6
104996,2,0,0,0,7
104999,3,0,0,0,7
105003,6,0,1,0,7
105004,5,1,2,0,5
105005,5,2,2,0,8
105007,8,1,4,0,11
105008,9,3,2,0,14
105009,8,1,3,0,12
105010,12,4,6,1,21
105011,11,3,6,1,18
105012,13,5,4,2,20
105013,6,2,1,1,9
105014,14,4,5,2,19
105015,6,1,1,0,11
105016,10,1,1,0,15
105017,6,0,1,0,11
105018,8,2,2,1,12
105019,10,3,4,0,10
105020,5,1,1,0,7
105021,5,0,1,0,7
105022,5,1,2,0,7
105025,4,1,1,0,6
105026,3,1,0,0,6
105029,5,0,0,1,9
105031,7,1,3,0,9
105032,6,1,2,0,7
105033,12,5,5,1,17
105034,8,1,3,1,9
105035,10,2,3,0,15
105036,5,1,2,0,5
105037,6,2,3,0,9
105038,4,0,1,0,6
105039,6,1,1,0,10
105040,7,2,2,0,10
105041,4,0,1,0,7
105042,7,2,2,0,10
105043,5,1,2,0,8
105044,6,1,1,0,10
105045,3,1,0,0,6
105046,5,1,2,0,7
105048,5,2,0,0,8
105053,4,3,1,0,7
105060,6,4,3,0,9
105063,3,2,2,0,5
105064,5,2,1,0,7
105065,2,0,0,0,5
105067,3,1,0,0,7
105068,6,1,1,0,9
105071,4,4,0,0,8
105073,3,1,0,0,6
105074,20,15,7,11,33
105075,4,3,2,0,6
105080,6,5,3,0,8
105083,3,2,1,0,8
105084,4,3,2,0,9
105086,5,4,3,0,7
105087,7,5,3,0,12
105088,7,5,3,0,9
105089,5,4,3,0,6
105090,4,2,1,0,8
105091,6,4,3,0,9
105092,4,3,1,0,5
105093,6,5,3,0,7
105094,4,3,1,0,8
105095,6,6,3,0,6
105096,13,13,9,1,14
105097,14,6,10,0,24
105098,5,2,2,0,8
105100,6,4,3,0,7
105101,9,6,4,2,12
105102,4,3,3,0,6
105103,5,4,3,0,5
105104,3,4,3,0,8
105105,5,4,3,0,6
105106,6,5,2,0,6
105108,5,3,1,0,5
105110,5,5,3,0,5
105111,7,6,3,0,11
105112,9,7,5,0,9
105113,5,4,3,0,6
105115,8,7,5,0,8
105116,7,6,5,0,8
105117,5,4,3,0,6
105118,3,4,3,0,5
105119,6,6,3,0,6
105120,12,11,4,0,14
105121,12,10,5,0,15
105122,5,1,3,0,11
105123,8,8,5,0,12
105124,10,9,7,0,14
105125,7,7,4,0,7
105126,6,6,3,1,10
105127,8,9,5,2,14
105128,6,6,4,0,9
105129,3,0,0,0,6
105130,6,3,3,0,11
105131,8,6,5,0,9
105132,13,13,7,0,19
105134,9,7,4,0,9
105135,13,12,7,1,17
105136,7,7,3,0,9
105137,13,15,8,0,18
105138,12,13,6,0,17
105139,5,3,4,0,10
105140,5,5,3,0,13
105141,19,18,9,1,30
105142,6,6,4,0,14
105143,7,7,3,0,10
105144,8,6,3,0,17
105148,2,2,2,1,14
105151,4,1,0,0,6
105152,6,1,2,0,7
105153,9,3,1,1,13
105155,15,15,7,0,22
105156,16,15,7,0,23
105157,16,13,9,1,27
105160,6,8,4,0,14
105166,15,13,7,0,26
105174,0,0,0,0,5
105176,0,0,1,0,9
105177,3,2,3,1,19
105181,1,1,0,0,6
105183,1,1,0,0,12
105184,4,1,1,0,19
105185,13,8,4,0,21
105186,8,2,1,0,11
105187,13,7,4,1,20
105188,9,4,2,1,16
105189,7,5,2,0,14
105190,7,8,3,1,14
105191,9,2,2,0,15
105192,5,5,3,0,11
105193,7,10,3,0,13
105194,9,5,3,0,16
105195,11,5,1,1,16
105196,5,2,0,0,10
105197,6,11,3,1,12
105198,11,10,3,3,19
105199,8,2,2,0,14
105204,0,1,1,0,14
105205,4,0,0,0,14
105246,4,1,1,0,8
105248,8,1,2,0,10
105270,0,2,0,0,7
105272,2,5,1,0,12
105273,2,4,1,0,12
105274,1,4,1,0,11
105275,0,2,0,0,6
105276,0,3,0,0,7
105288,8,8,3,2,11
105346,0,3,0,0,7
105357,1,1,0,0,7
105365,0,1,0,0,7
105368,0,0,0,0,5
105373,0,2,0,0,6
105376,2,4,0,0,9
105381,2,3,1,0,8
105385,0,3,1,0,10
105390,0,1,0,0,8
105395,0,3,0,0,6
105397,0,1,0,0,6
105404,1,2,0,0,7
105407,0,2,0,0,9
105417,3,5,2,0,14
105421,0,3,0,0,8
105422,0,1,0,0,7
105429,4,4,1,0,12
105432,0,1,0,0,6
105441,1,4,1,0,7
105452,11,11,6,1,16
105477,6,5,4,0,7
105516,6,6,5,3,11
105526,11,11,4,6,34
105545,17,18,9,2,31
105592,11,15,4,3,22
105613,8,13,7,5,24
105619,6,11,4,1,17
105622,7,6,2,2,14
105633,10,13,5,0,20
105634,8,6,4,0,13
105688,6,6,2,2,8
105698,3,2,2,1,8
105699,3,8,6,2,15
105703,4,0,1,0,9
